item_id,category_code,std_name,std_spec,std_unit,part_type,maker,maker_pn,supplier,department,model_ref,stock_prev,stock_current,safety_stock,moq,lead_time,source_file,source_sheet,source_row,original_name_a,original_name_bc,mapping_status,notes,created_at
RM-000001,RM,전극(70kV) 순철 도금,순철 도금,,전극,,,,,,0.0,,,,,A,26.03월,4,전극(70kV),,raw_only,A단독: 파일 B/C에서 매칭 실패,2026-04-10T21:17:34
RM-000002,RM,텅스텐 필라멘트,,,필라멘트,,,,,,0.0,,,,,A,26.03월,5,텅스텐 필라멘트,,raw_only,A단독: 파일 B/C에서 매칭 실패,2026-04-10T21:17:34
RM-000003,RM,텅스텐 필라멘트,,,필라멘트,,,,,,0.0,,,,,A,26.03월,6,텅스텐 필라멘트,,raw_only,A단독: 파일 B/C에서 매칭 실패,2026-04-10T21:17:34
RM-000004,RM,게터,,,게터,,,,,,0.0,,,,,A,26.03월,7,게터,,raw_only,A단독: 파일 B/C에서 매칭 실패,2026-04-10T21:17:34
RM-000006,RM,포커서,,,코바,,,,,,0.0,,,,,A,26.03월,9,포커서,,raw_only,A단독: 파일 B/C에서 매칭 실패,2026-04-10T21:17:34
RM-000007,RM,세라믹 바디,,,세라믹,,,,,,0.0,,,,,A,26.03월,10,세라믹 바디,,raw_only,A단독: 파일 B/C에서 매칭 실패,2026-04-10T21:17:34
RM-000008,RM,세라믹 스템,,,세라믹,,,,,,0.0,,,,,A,26.03월,11,세라믹 스템,,raw_only,A단독: 파일 B/C에서 매칭 실패,2026-04-10T21:17:34
RM-000009,RM,필러,,,필러,,,,,,0.0,,,,,A,26.03월,12,필러,,raw_only,A단독: 파일 B/C에서 매칭 실패,2026-04-10T21:17:34
RM-000010,RM,전극 필러,,,필러,,,,,,0.0,,,,,A,26.03월,13,전극 필러,,raw_only,A단독: 파일 B/C에서 매칭 실패,2026-04-10T21:17:34
RM-000011,RM,전극(100kV) 순철 도금,순철 도금,,전극,,,,,,0.0,,,,,A,26.03월,14,전극(100kV),,raw_only,A단독: 파일 B/C에서 매칭 실패,2026-04-10T21:17:34
RM-000012,RM,텅스텐 필라멘트,,,필라멘트,,,,,,0.0,,,,,A,26.03월,15,텅스텐 필라멘트,,raw_only,A단독: 파일 B/C에서 매칭 실패,2026-04-10T21:17:34
RM-000014,RM,에노드 링,,,코바,,,,,,0.0,,,,,A,26.03월,17,에노드 링,,raw_only,A단독: 파일 B/C에서 매칭 실패,2026-04-10T21:17:34
RM-000015,RM,포커서,,,코바,,,,,,0.0,,,,,A,26.03월,18,포커서,,raw_only,A단독: 파일 B/C에서 매칭 실패,2026-04-10T21:17:34
RM-000016,RM,세라믹 바디,,,세라믹,,,,,,0.0,,,,,A,26.03월,19,세라믹 바디,,raw_only,A단독: 파일 B/C에서 매칭 실패,2026-04-10T21:17:34
RM-000017,RM,세라믹 슬리브,,,세라믹,,,,,,0.0,,,,,A,26.03월,20,세라믹 슬리브,,raw_only,A단독: 파일 B/C에서 매칭 실패,2026-04-10T21:17:34
RM-000018,RM,필러,,,필러,,,,,,0.0,,,,,A,26.03월,21,필러,,raw_only,A단독: 파일 B/C에서 매칭 실패,2026-04-10T21:17:34
RM-000019,RM,전극 필러,,,필러,,,,,,0.0,,,,,A,26.03월,22,전극 필러,,raw_only,A단독: 파일 B/C에서 매칭 실패,2026-04-10T21:17:34
RM-000020,RM,TUBE 60KV D-081B,60KV D-081B,,X-ray Tube,,,신광포토레이,,,1000.0,,,,,A,26.03월,23,TUBE,,raw_only,A단독: 파일 B/C에서 매칭 실패,2026-04-10T21:17:34
RM-000021,RM,TUBE 70KV D-041,70KV D-041,,X-ray Tube,,,신광포토레이,,,400.0,,,,,A,26.03월,24,TUBE,,raw_only,A단독: 파일 B/C에서 매칭 실패,2026-04-10T21:17:34
RM-000022,RM,TUBE 70KV DXDR-070,70KV DXDR-070,,X-ray Tube,,,,,,0.0,,,,,A,26.03월,25,TUBE,,raw_only,A단독: 파일 B/C에서 매칭 실패,2026-04-10T21:17:34
RM-000023,RM,TUBE 80KV D-0813,80KV D-0813,,X-ray Tube,,,신광포토레이,,,500.0,,,,,A,26.03월,26,TUBE,,raw_only,A단독: 파일 B/C에서 매칭 실패,2026-04-10T21:17:34
RM-000024,RM,TUBE 90kV OX / 70-1.0,90kV OX / 70-1.0,,X-ray Tube,,,CEI,,,622.0,,,,,A,26.03월,27,TUBE,,raw_only,A단독: 파일 B/C에서 매칭 실패,2026-04-10T21:17:34
RM-000025,RM,TUBE 100Kv DXDR-100,100Kv DXDR-100,,X-ray Tube,,,,,,0.0,,,,,A,26.03월,28,TUBE,,raw_only,A단독: 파일 B/C에서 매칭 실패,2026-04-10T21:17:34
RM-000027,RM,튜브 하우징 파이프 HDPE,HDPE,,HDPE,,,용봉화학,,,360.0,,,,,A,26.03월,30,튜브 하우징 파이프,,raw_only,A단독: 파일 B/C에서 매칭 실패,2026-04-10T21:17:34
RM-000028,RM,튜브 하우징 파이프 HDPE,HDPE,,HDPE,,,용봉화학,,,100.0,,,,,A,26.03월,31,튜브 하우징 파이프,,raw_only,A단독: 파일 B/C에서 매칭 실패,2026-04-10T21:17:34
RM-000034,RM,"30㏀ 고압용 저항 30㏀±1％, DIP-1/4W","30㏀±1％, DIP-1/4W",,저항,,,HLP,,,0.0,,,,,A,26.03월,37,30㏀ 고압용 저항,,raw_only,A단독: 파일 B/C에서 매칭 실패,2026-04-10T21:17:34
RM-000036,RM,"1.7W,10kV 시멘트저항 짧은 것 RK92-11XD 307J (1.7W,10kV,±5%,300ppm,Flat)","RK92-11XD 307J (1.7W,10kV,±5%,300ppm,Flat)",,저항,,,비지티,,,0.0,,,,,A,26.03월,39,"1.7W,10kV 시멘트저항 짧은 것",,raw_only,A단독: 파일 B/C에서 매칭 실패,2026-04-10T21:17:34
RM-000037,RM,"2.7W,15kV 시멘트저항 긴 것 RK92-18XD 307J (2.7W,15kV,±5%,300ppm,Flat)","RK92-18XD 307J (2.7W,15kV,±5%,300ppm,Flat)",,저항,,,비지티,,,0.0,,,,,A,26.03월,40,"2.7W,15kV 시멘트저항 긴 것",,raw_only,A단독: 파일 B/C에서 매칭 실패,2026-04-10T21:17:34
RM-000040,RM,103Z 고압용 세라믹 콘덴서 50V F103Z,50V F103Z,,세라믹,,,HLP,,,5000.0,,,,,A,26.03월,43,103Z 고압용 세라믹 콘덴서,,raw_only,A단독: 파일 B/C에서 매칭 실패,2026-04-10T21:17:34
RM-000043,RM,세라믹 작은 콘덴서 Vishay HVCC203Y6P681MCAX,HVCC203Y6P681MCAX,,세라믹,,,HLP,,,30000.0,,,,,A,26.03월,46,세라믹 작은 콘덴서 Vishay,,raw_only,A단독: 파일 B/C에서 매칭 실패,2026-04-10T21:17:34
RM-000051,RM,"TIW 권선 (히터트랜스용 선) (외경)0.7mm (내경)0.5mm, 4000m","(외경)0.7mm (내경)0.5mm, 4000m",,CABLE,,,승리케이블,,,0.0,,,,,A,26.03월,54,TIW 권선 (히터트랜스용 선),,raw_only,A단독: 파일 B/C에서 매칭 실패,2026-04-10T21:17:34
RM-000053,RM,히터트랜스용 고압선(흰색) DSI HV CABLE 2178,DSI HV CABLE 2178,,CABLE,,,BGT,,,0.0,,,,,A,26.03월,56,히터트랜스용 고압선(흰색),,raw_only,A단독: 파일 B/C에서 매칭 실패,2026-04-10T21:17:34
RM-000086,RM,3 PIN 커넥터,,,BOARD,,,,,,0.0,,,,,A,26.03월,89,3 PIN 커넥터,,raw_only,A단독: 파일 B/C에서 매칭 실패,2026-04-10T21:17:34
RM-000087,RM,4 PIN 커넥터,,,BOARD,,,,,,0.0,,,,,A,26.03월,90,4 PIN 커넥터,,raw_only,A단독: 파일 B/C에서 매칭 실패,2026-04-10T21:17:34
RM-000089,RM,9핀 B/D - TFT,,,BOARD,,,HLP,,,604.0,,,,,A,26.03월,92,9핀 B/D - TFT,,raw_only,A단독: 파일 B/C에서 매칭 실패,2026-04-10T21:17:34
RM-000093,RM,CTR B/D (유럽용),,,PCB,,,HLP,,,249.0,,,,,A,26.03월,96,CTR B/D (유럽용),,raw_only,A단독: 파일 B/C에서 매칭 실패,2026-04-10T21:17:34
RM-000094,RM,CTR B/D (미국용),,,PCB,,,HLP,,,100.0,,,,,A,26.03월,97,CTR B/D (미국용),,raw_only,A단독: 파일 B/C에서 매칭 실패,2026-04-10T21:17:34
RM-000095,RM,CTR B/D (TFT용) V3.1.1,V3.1.1,,PCB,,,HLP,,,164.0,,,,,A,26.03월,98,CTR B/D (TFT용),,raw_only,A단독: 파일 B/C에서 매칭 실패,2026-04-10T21:17:34
RM-000096,RM,LCD B/D (듀얼 슬라이드),,,PCB,,,HLP,,,300.0,,,,,A,26.03월,99,LCD B/D (듀얼 슬라이드),,raw_only,A단독: 파일 B/C에서 매칭 실패,2026-04-10T21:17:34
RM-000099,RM,OLED B/D (듀얼),,,PCB,,,HLP,,,0.0,,,,,A,26.03월,102,OLED B/D (듀얼),,raw_only,A단독: 파일 B/C에서 매칭 실패,2026-04-10T21:17:34
RM-000100,RM,EX B/D (듀얼) (좌),,,PCB,,,HLP,,,240.0,,,,,A,26.03월,103,EX B/D (듀얼) (좌),,raw_only,A단독: 파일 B/C에서 매칭 실패,2026-04-10T21:17:34
RM-000101,RM,EX B/D (듀얼) (우),,,PCB,,,HLP,,,240.0,,,,,A,26.03월,104,EX B/D (듀얼) (우),,raw_only,A단독: 파일 B/C에서 매칭 실패,2026-04-10T21:17:34
RM-000102,RM,EX B/D 사파리 (원버턴),,,PCB,,,HLP,,,88.0,,,,,A,26.03월,105,EX B/D 사파리 (원버턴),,raw_only,A단독: 파일 B/C에서 매칭 실패,2026-04-10T21:17:34
RM-000103,RM,RELAY 쪽 보드,,,PCB,,,HLP,,,0.0,,,,,A,26.03월,106,RELAY 쪽 보드,,raw_only,A단독: 파일 B/C에서 매칭 실패,2026-04-10T21:17:34
RM-000105,RM,"LCD PANEL 2.35""LCD","2.35""LCD",,PANEL,,,HLP,,,855.0,,,,,A,26.03월,108,LCD PANEL,,raw_only,A단독: 파일 B/C에서 매칭 실패,2026-04-10T21:17:34
RM-000106,RM,"TFT LCD PANEL 2.4""LCD - CT1715N241A","2.4""LCD - CT1715N241A",,PANEL,,,클리어디스플레이,,,823.0,,,,,A,26.03월,109,TFT LCD PANEL,,raw_only,A단독: 파일 B/C에서 매칭 실패,2026-04-10T21:17:34
RM-000111,RM,하네스 8번 CJ4003 잭 (관전류 짹 + 2핀케이블),CJ4003 잭 (관전류 짹 + 2핀케이블),,CABLE,,,HLP,,,98.0,,,,,A,26.03월,114,하네스 8번,,raw_only,A단독: 파일 B/C에서 매칭 실패,2026-04-10T21:17:34
RM-000113,RM,LCD GUIDE (사파리),,,ABS 난연,,,HLP,,,247.0,,,,,A,26.03월,116,LCD GUIDE (사파리),,raw_only,A단독: 파일 B/C에서 매칭 실패,2026-04-10T21:17:34
RM-000131,RM,"X-CAP 체결형 (구형, 일본용) ABS 난연 화이트 + 진한 회색",ABS 난연 화이트 + 진한 회색,,ABS 난연,,,천우,,,0.0,,,,,A,26.03월,134,"X-CAP 체결형 (구형, 일본용)",,raw_only,A단독: 파일 B/C에서 매칭 실패,2026-04-10T21:17:34
RM-000132,RM,"X-CAP 체결형 스프레이 X (구형, 일본용) ABS 난연 화이트",ABS 난연 화이트,,ABS 난연,,,천우,,,0.0,,,,,A,26.03월,135,"X-CAP 체결형 스프레이 X (구형, 일본용)",,raw_only,A단독: 파일 B/C에서 매칭 실패,2026-04-10T21:17:34
RM-000134,RM,메디컬용 컬리메타 ABS 난연 블랙,ABS 난연 블랙,,ABS 난연,,,금오몰드,,,61.0,,,,,A,26.03월,137,메디컬용 컬리메타,,raw_only,A단독: 파일 B/C에서 매칭 실패,2026-04-10T21:17:34
RM-000135,RM,메디컬용 컬리메타 CAP ABS 난연 블랙 + 블랙 무광,ABS 난연 블랙 + 블랙 무광,,ABS 난연,,,금오몰드,,,106.0,,,,,A,26.03월,138,메디컬용 컬리메타 CAP,,raw_only,A단독: 파일 B/C에서 매칭 실패,2026-04-10T21:17:34
RM-000136,RM,LCD WINDOW 투명 아크릴,투명 아크릴,,아크릴,,,천우,,,280.0,,,,,A,26.03월,139,LCD WINDOW,,raw_only,A단독: 파일 B/C에서 매칭 실패,2026-04-10T21:17:34
RM-000141,RM,메디컬용 십자아크릴 (66*66),,,아크릴,,,,,,124.0,,,,,A,26.03월,144,메디컬용 십자아크릴 (66*66),,raw_only,A단독: 파일 B/C에서 매칭 실패,2026-04-10T21:17:34
RM-000144,RM,HAND STRAP 손잡이 인조 가죽,인조 가죽,,인조가죽,,,굿모닝코리아유통,,,0.0,,,,,A,26.03월,147,HAND STRAP 손잡이,,raw_only,A단독: 파일 B/C에서 매칭 실패,2026-04-10T21:17:34
RM-000145,RM,HAND STRAP 손잡이 (로고 없음) 인조 가죽,인조 가죽,,인조가죽,,,굿모닝코리아유통,,,240.0,,,,,A,26.03월,148,HAND STRAP 손잡이 (로고 없음),,raw_only,A단독: 파일 B/C에서 매칭 실패,2026-04-10T21:17:34
RM-000151,RM,POWER SWITCH BD (Ver 3.0.0),,,PCB,,,HLP,,,98.0,,,,,A,26.03월,154,POWER SWITCH BD (Ver 3.0.0),,raw_only,A단독: 파일 B/C에서 매칭 실패,2026-04-10T21:17:34
RM-000152,RM,HANDLE CONNECTOR BD 신형 (신주 2핀),,,PCB,,,HLP,,,200.0,,,,,A,26.03월,155,HANDLE CONNECTOR BD 신형 (신주 2핀),,raw_only,A단독: 파일 B/C에서 매칭 실패,2026-04-10T21:17:34
RM-000155,RM,OP & TOUCH BD,,,PCB,,,HLP,,,0.0,,,,,A,26.03월,158,OP & TOUCH BD,,raw_only,A단독: 파일 B/C에서 매칭 실패,2026-04-10T21:17:34
RM-000163,RM,"에이밍 하네스 1번 YHM025-02R 210mm, CTR + POWER BD 2핀","YHM025-02R 210mm, CTR + POWER BD 2핀",,CABLE,,,HLP,,,431.0,,,,,A,26.03월,166,에이밍 하네스 1번,,raw_only,A단독: 파일 B/C에서 매칭 실패,2026-04-10T21:17:34
RM-000164,RM,"에이밍 하네스 2번 YHM025-02R 180mm, LED BD 2핀, 19+83(사출결합)","YHM025-02R 180mm, LED BD 2핀, 19+83(사출결합)",,CABLE,,,HLP,,,277.0,,,,,A,26.03월,167,에이밍 하네스 2번,,raw_only,A단독: 파일 B/C에서 매칭 실패,2026-04-10T21:17:34
RM-000177,RM,에이밍 앞 사출 블랙 유광,블랙 유광,,ABS 난연,,,천우,,,295.0,,,,,A,26.03월,180,에이밍 앞 사출,,raw_only,A단독: 파일 B/C에서 매칭 실패,2026-04-10T21:17:34
RM-000183,RM,CRADLE BODY BUTTON X ABS 난연 블랙 + 블랙 유광,ABS 난연 블랙 + 블랙 유광,,ABS 난연,,,천우,,,48.0,,,,,A,26.03월,186,CRADLE BODY BUTTON X,,raw_only,A단독: 파일 B/C에서 매칭 실패,2026-04-10T21:17:34
RM-000191,RM,에이밍 LED BODY 신형 A,,,ABS 난연,,,오비스코리아,,,658.0,,,,,A,26.03월,194,에이밍 LED BODY 신형 A,,raw_only,A단독: 파일 B/C에서 매칭 실패,2026-04-10T21:17:34
RM-000192,RM,에이밍 LED BODY 신형 B,,,ABS 난연,,,오비스코리아,,,257.0,,,,,A,26.03월,195,에이밍 LED BODY 신형 B,,raw_only,A단독: 파일 B/C에서 매칭 실패,2026-04-10T21:17:34
RM-000193,RM,에이밍 방사구 젠더,,,ABS 난연,,,다우정밀,,,0.0,,,,,A,26.03월,196,에이밍 방사구 젠더,,raw_only,A단독: 파일 B/C에서 매칭 실패,2026-04-10T21:17:34
RM-000198,RM,에이밍 원형 십자 아크릴 (테두리 O) 2.0T 투명 아크릴 + 인쇄 2T - 영국용,투명 아크릴 + 인쇄 2T - 영국용,,아크릴,,,,,,0.0,,,,,A,26.03월,201,에이밍 원형 십자 아크릴 (테두리 O) 2.0T,,raw_only,A단독: 파일 B/C에서 매칭 실패,2026-04-10T21:17:34
RM-000199,RM,에이밍 원형 십자 아크릴 (테두리 O) 2.0T 투명 아크릴 + 인쇄 2T - 얇은 테두리,투명 아크릴 + 인쇄 2T - 얇은 테두리,,아크릴,,,,,,208.0,,,,,A,26.03월,202,에이밍 원형 십자 아크릴 (테두리 O) 2.0T,,raw_only,A단독: 파일 B/C에서 매칭 실패,2026-04-10T21:17:34
RM-000200,RM,에이밍 원형 십자 아크릴 (테두리 X) 2.0T 투명 아크릴 + 인쇄 2T -사파리용,투명 아크릴 + 인쇄 2T -사파리용,,아크릴,,,,,,108.0,,,,,A,26.03월,203,에이밍 원형 십자 아크릴 (테두리 X) 2.0T,,raw_only,A단독: 파일 B/C에서 매칭 실패,2026-04-10T21:17:34
RM-000204,RM,CRADLE 신주 핀 신주 가공 + 니켈 도금,신주 가공 + 니켈 도금,,신주,,,다우정밀,,,0.0,,,,,A,26.03월,207,CRADLE 신주 핀,,raw_only,A단독: 파일 B/C에서 매칭 실패,2026-04-10T21:17:34
RM-000212,RM,에이밍 앞 사출 블랙 무광,블랙 무광,,ABS 난연,,,천우,,,488.0,,,,,A,26.03월,215,에이밍 앞 사출,,raw_only,A단독: 파일 B/C에서 매칭 실패,2026-04-10T21:17:34
RM-000226,RM,SOLO 하네스 1번 12505HS-12 (PowerBD - OP 12핀),12505HS-12 (PowerBD - OP 12핀),,CABLE,,,HLP,,,616.0,,,,,A,26.03월,229,SOLO 하네스 1번,,raw_only,A단독: 파일 B/C에서 매칭 실패,2026-04-10T21:17:34
RM-000227,RM,SOLO 하네스 2번 12505HS-03 Battery-Handle bridge 3핀,12505HS-03 Battery-Handle bridge 3핀,,CABLE,,,HLP,,,73.0,,,,,A,26.03월,230,SOLO 하네스 2번,,raw_only,A단독: 파일 B/C에서 매칭 실패,2026-04-10T21:17:34
RM-000228,RM,SOLO 하네스 3번 0.5 * 40 * 100 * B (FFC 40핀),0.5 * 40 * 100 * B (FFC 40핀),,CABLE,,,HLP,,,227.0,,,,,A,26.03월,231,SOLO 하네스 3번,,raw_only,A단독: 파일 B/C에서 매칭 실패,2026-04-10T21:17:34
RM-000229,RM,"SOLO 하네스 4번 BATCON+EXP 190mm(Red1EA, White 2EA)-3핀","BATCON+EXP _ 190mm(Red1EA, White 2EA)-3핀",,CABLE,,,HLP,,,250.0,,,,,A,26.03월,232,SOLO 하네스 4번,,raw_only,A단독: 파일 B/C에서 매칭 실패,2026-04-10T21:17:34
RM-000249,RM,Aiming Light LED 아크릴 확산 아크릴/ 화이트,확산 아크릴/ 화이트,,아크릴,,,천우,,,527.0,,,,,A,26.03월,252,Aiming_Light_LED_아크릴,,raw_only,A단독: 파일 B/C에서 매칭 실패,2026-04-10T21:17:34
RM-000250,RM,LCD Window PC / 투명 + (구형 26),PC / 투명 + (구형 26),,아크릴,,,천우,,,493.0,,,,,A,26.03월,253,LCD_Window,,raw_only,A단독: 파일 B/C에서 매칭 실패,2026-04-10T21:17:34
RM-000257,RM,에이밍 바디 뭉치 ø33*19.3,ø33*19.3,,ABS 난연,,,오비스코리아,,,0.0,,,,,A,26.03월,260,에이밍 바디 뭉치,,raw_only,A단독: 파일 B/C에서 매칭 실패,2026-04-10T21:17:34
RM-000269,RM,Module BD (구형 KONTRON),,,PCB,,,KONTRON,,,37.0,,,,,A,26.03월,272,Module BD (구형 KONTRON),,raw_only,A단독: 파일 B/C에서 매칭 실패,2026-04-10T21:17:34
RM-000270,RM,Module BD (신형 DFI),,,PCB,,,한컴MDS,,,12.0,,,,,A,26.03월,273,Module BD (신형 DFI),,raw_only,A단독: 파일 B/C에서 매칭 실패,2026-04-10T21:17:34
RM-000271,RM,USB 메모리 BD (구형 KONTRON),,,PCB,,,HLP,,,0.0,,,,,A,26.03월,274,USB 메모리 BD (구형 KONTRON),,raw_only,A단독: 파일 B/C에서 매칭 실패,2026-04-10T21:17:34
RM-000272,RM,USB 메모리 BD (신형 DFI),,,PCB,,,HLP,,,48.0,,,,,A,26.03월,275,USB 메모리 BD (신형 DFI),,raw_only,A단독: 파일 B/C에서 매칭 실패,2026-04-10T21:17:34
RM-000292,RM,GUIDE 스프레이 X ABS 난연 화이트,ABS 난연 화이트,,ABS 난연,,,천우,,,4840.0,,,,,A,26.03월,295,GUIDE 스프레이 X,,raw_only,A단독: 파일 B/C에서 매칭 실패,2026-04-10T21:17:34
RM-000295,RM,POWER BUTTON 스프레이 X ABS 난연 화이트,ABS 난연 화이트,,ABS 난연,,,천우,,,3331.0,,,,,A,26.03월,298,POWER BUTTON 스프레이 X,,raw_only,A단독: 파일 B/C에서 매칭 실패,2026-04-10T21:17:34
RM-000297,RM,EXPOSE BUTTON 스프레이 X ABS 난연 화이트,ABS 난연 화이트,,ABS 난연,,,천우,,,3432.0,,,,,A,26.03월,300,EXPOSE BUTTON 스프레이 X,,raw_only,A단독: 파일 B/C에서 매칭 실패,2026-04-10T21:17:34
RM-000299,RM,NAVI BUTTON 스프레이 X (가운데) ABS 난연 화이트,ABS 난연 화이트,,ABS 난연,,,천우,,,2756.0,,,,,A,26.03월,302,NAVI BUTTON 스프레이 X (가운데),,raw_only,A단독: 파일 B/C에서 매칭 실패,2026-04-10T21:17:34
RM-000301,RM,NAVI KEY 사파리 (방향) ABS 난연 반투명,ABS 난연 반투명,,ABS 난연,,,천우,,,78.0,,,,,A,26.03월,304,NAVI KEY 사파리 (방향),,raw_only,A단독: 파일 B/C에서 매칭 실패,2026-04-10T21:17:34
RM-000302,RM,NAVI KEY 스프레이 X (방향) ABS 난연 화이트,ABS 난연 화이트,,ABS 난연,,,천우,,,3340.0,,,,,A,26.03월,305,NAVI KEY 스프레이 X (방향),,raw_only,A단독: 파일 B/C에서 매칭 실패,2026-04-10T21:17:34
RM-000318,RM,Q 클립,,,클립,,,직구,,,0.0,,,,,A,26.03월,321,Q 클립,,raw_only,A단독: 파일 B/C에서 매칭 실패,2026-04-10T21:17:34
RM-000319,RM,L 클립,,,클립,,,직구,,,0.0,,,,,A,26.03월,322,L 클립,,raw_only,A단독: 파일 B/C에서 매칭 실패,2026-04-10T21:17:34
RM-000321,RM,"HAND STRAP -손잡이(터치펜)(유럽용) 인조 가죽, AL(Cr도금), SUS Φ2.0","인조 가죽, AL(Cr도금), SUS Φ2.0",,인조가죽,,,굿모닝코리아유통,,,71.0,,,,,A,26.03월,324,HAND STRAP -손잡이(터치펜)(유럽용),,raw_only,A단독: 파일 B/C에서 매칭 실패,2026-04-10T21:17:34
RM-000322,RM,"HAND STRAP -손잡이(터치펜) 인조 가죽, AL(Cr도금), SUS Φ2.0","인조 가죽, AL(Cr도금), SUS Φ2.0",,인조가죽,,,굿모닝코리아유통,,,144.0,,,,,A,26.03월,325,HAND STRAP -손잡이(터치펜),,raw_only,A단독: 파일 B/C에서 매칭 실패,2026-04-10T21:17:34
RM-000352,RM,일체형 컬리메이터 ABS 난연 블랙,ABS 난연 블랙,,ABS 난연,,,금오몰드,,,0.0,,,,,A,26.03월,355,일체형 컬리메이터,,raw_only,A단독: 파일 B/C에서 매칭 실패,2026-04-10T21:17:34
RM-000364,RM,CRADLE TOP 사출 ABS 난연 화이트 + 스프레이,ABS 난연 화이트 + 스프레이,,ABS 난연,,,천우,,,109.0,,,,,A,26.03월,367,CRADLE TOP 사출,,raw_only,A단독: 파일 B/C에서 매칭 실패,2026-04-10T21:17:34
RM-000366,RM,CRADLE LED Guide 사출 ABS 난연 화이트 + 스프레이,ABS 난연 화이트 + 스프레이,,ABS 난연,,,천우,,,193.0,,,,,A,26.03월,369,CRADLE LED Guide 사출,,raw_only,A단독: 파일 B/C에서 매칭 실패,2026-04-10T21:17:34
RM-000375,RM,Bottom Block AL 가공 + 흑색 아노다이징,AL 가공 + 흑색 아노다이징,,AL,,,제이케이시스템,,,27.0,,,,,A,26.03월,378,Bottom Block,,raw_only,A단독: 파일 B/C에서 매칭 실패,2026-04-10T21:17:34
RM-000383,RM,가죽 손잡이 (탈착배터리 터치펜 X) 인조 가죽,인조 가죽,,인조가죽,,,굿모닝코리아유통,,,192.0,,,,,A,26.03월,386,가죽 손잡이 (탈착배터리 터치펜 X),,raw_only,A단독: 파일 B/C에서 매칭 실패,2026-04-10T21:17:34
RM-000390,RM,기본 배터리 LIP1902A 18.5V 5S 50C 2100mAh,LIP1902A 18.5V 5S 50C 2100mAh,,배터리,,,비앤테크,,,190.0,,,,,A,26.03월,393,기본 배터리,,raw_only,A단독: 파일 B/C에서 매칭 실패,2026-04-10T21:17:34
RM-000401,RM,20.7V 1.7A 충전기 5S 어댑터,5S 어댑터,,ADAPTER,,,브리지파워,,,1040.0,,,,,A,26.03월,404,20.7V 1.7A 충전기,,raw_only,A단독: 파일 B/C에서 매칭 실패,2026-04-10T21:17:34
RM-000402,RM,25.2V 1.7A 충전기 6S 어댑터 (중국용),6S 어댑터 (중국용),,ADAPTER,,,브리지파워,,,7.0,,,,,A,26.03월,405,25.2V 1.7A 충전기,,raw_only,A단독: 파일 B/C에서 매칭 실패,2026-04-10T21:17:34
RM-000405,RM,외부배터리 충전용 잭,,,충전 변환 젠더,,,직구,,,0.0,,,,,A,26.03월,408,외부배터리 충전용 잭,,raw_only,A단독: 파일 B/C에서 매칭 실패,2026-04-10T21:17:34
RM-000407,RM,외부 배터리 와이어 케이블,,,CABLE,,,HLP,,,0.0,,,,,A,26.03월,410,외부 배터리 와이어 케이블,,raw_only,A단독: 파일 B/C에서 매칭 실패,2026-04-10T21:17:34
RM-000412,RM,외부 배터리 쪽 보드 EX BATTERY BD,EX BATTERY BD,,PCB,,,HLP,,,0.0,,,,,A,26.03월,415,외부 배터리 쪽 보드,,raw_only,A단독: 파일 B/C에서 매칭 실패,2026-04-10T21:17:34
RM-000414,RM,가방+내장재 X,,,가방,,,굿모닝코리아유통,,,0.0,,,,,A,26.03월,417,가방+내장재 X,,raw_only,A단독: 파일 B/C에서 매칭 실패,2026-04-10T21:17:34
RM-000416,RM,가방(로고 없는것)+내장재 X,,,가방,,,굿모닝코리아유통,,,0.0,,,,,A,26.03월,419,가방(로고 없는것)+내장재 X,,raw_only,A단독: 파일 B/C에서 매칭 실패,2026-04-10T21:17:34
RM-000419,RM,가방(로고 없는것)+내장재 X,,,가방,,,굿모닝코리아유통,,,0.0,,,,,A,26.03월,422,가방(로고 없는것)+내장재 X,,raw_only,A단독: 파일 B/C에서 매칭 실패,2026-04-10T21:17:34
RM-000421,RM,가방 (뱅가드),,,가방,,,수프림,,,0.0,,,,,A,26.03월,424,가방 (뱅가드),,raw_only,A단독: 파일 B/C에서 매칭 실패,2026-04-10T21:17:34
RM-000422,RM,FDXD-810 센서 가방 (뱅가드),,,가방,,,굿모닝코리아유통,,,0.0,,,,,A,26.03월,425,FDXD-810 센서 가방 (뱅가드),,raw_only,A단독: 파일 B/C에서 매칭 실패,2026-04-10T21:17:34
RM-000426,RM,"가방 내부 폼 20cm cone용, 20 * 80","20cm cone용, 20 * 80",,PU FOAM,,,굿모닝코리아유통,,,0.0,,,,,A,26.03월,429,가방 내부 폼,,raw_only,A단독: 파일 B/C에서 매칭 실패,2026-04-10T21:17:34
RM-000428,RM,"가방 내부 폼 20cm cone용, 40 * 60","20cm cone용, 40 * 60",,PU FOAM,,,굿모닝코리아유통,,,0.0,,,,,A,26.03월,431,가방 내부 폼,,raw_only,A단독: 파일 B/C에서 매칭 실패,2026-04-10T21:17:34
RM-000433,RM,가방 내부 폼 상판 (신형),,,PU FOAM,,,굿모닝코리아유통,,,0.0,,,,,A,26.03월,436,가방 내부 폼 상판 (신형),,raw_only,A단독: 파일 B/C에서 매칭 실패,2026-04-10T21:17:34
RM-000434,RM,가방 내부 폼 중간판 (신형),,,PU FOAM,,,굿모닝코리아유통,,,0.0,,,,,A,26.03월,437,가방 내부 폼 중간판 (신형),,raw_only,A단독: 파일 B/C에서 매칭 실패,2026-04-10T21:17:34
RM-000435,RM,가방 내부 폼 하판 (신형),,,PU FOAM,,,굿모닝코리아유통,,,0.0,,,,,A,26.03월,438,가방 내부 폼 하판 (신형),,raw_only,A단독: 파일 B/C에서 매칭 실패,2026-04-10T21:17:34
RM-000436,RM,가방 내장재 47 * 36.5 * 2.5T,47 * 36.5 * 2.5T,,PU FOAM,,,굿모닝코리아유통,,,0.0,,,,,A,26.03월,439,가방 내장재,,raw_only,A단독: 파일 B/C에서 매칭 실패,2026-04-10T21:17:34
RM-000437,RM,가방 내장재 47 * 36.5 * 5.5T,47 * 36.5 * 5.5T,,PU FOAM,,,굿모닝코리아유통,,,0.0,,,,,A,26.03월,440,가방 내장재,,raw_only,A단독: 파일 B/C에서 매칭 실패,2026-04-10T21:17:34
RM-000438,RM,가방 내장재 47 * 36.5 * 7.5T,47 * 36.5 * 7.5T,,PU FOAM,,,굿모닝코리아유통,,,0.0,,,,,A,26.03월,441,가방 내장재,,raw_only,A단독: 파일 B/C에서 매칭 실패,2026-04-10T21:17:34
RM-000439,RM,"센서 내장재 상단 45 * 55.5 * 2T, 접착 O","45 * 55.5 * 2T, 접착 O",,PU FOAM,,,굿모닝코리아유통,,,0.0,,,,,A,26.03월,442,센서 내장재 상단,,raw_only,A단독: 파일 B/C에서 매칭 실패,2026-04-10T21:17:34
RM-000440,RM,"센서 내장재 중간 45 * 55.5 * 2T, 접착 X","45 * 55.5 * 2T, 접착 X",,PU FOAM,,,굿모닝코리아유통,,,0.0,,,,,A,26.03월,443,센서 내장재 중간,,raw_only,A단독: 파일 B/C에서 매칭 실패,2026-04-10T21:17:34
RM-000441,RM,센서 내장재 하단 45 * 55.5 * 8T,45 * 55.5 * 8T,,PU FOAM,,,굿모닝코리아유통,,,0.0,,,,,A,26.03월,444,센서 내장재 하단,,raw_only,A단독: 파일 B/C에서 매칭 실패,2026-04-10T21:17:34
RM-000449,RM,제품박스(I/N BOX) KLB.K.KLB (B) 410 * 390 *180,KLB.K.KLB (B) 410 * 390 *180,,BOX,,,지성수출포장,,,0.0,,,,,A,26.03월,452,제품박스(I/N BOX),,raw_only,A단독: 파일 B/C에서 매칭 실패,2026-04-10T21:17:34
RM-000450,RM,카톤박스(C/T BOX) KLB.4K (BA/W) 430 * 380 * 420,KLB.4K (BA/W) 430 * 380 * 420,,BOX,,,지성수출포장,,,0.0,,,,,A,26.03월,453,카톤박스(C/T BOX),,raw_only,A단독: 파일 B/C에서 매칭 실패,2026-04-10T21:17:34
RM-000455,RM,무지 박스 1개 450 * 260 * 510(H)mm,450 * 260 * 510(H)mm,,BOX,,,박스바다,,,0.0,,,,,A,26.03월,458,무지 박스 1개,,raw_only,A단독: 파일 B/C에서 매칭 실패,2026-04-10T21:17:34
RM-000456,RM,무지 박스 2개 475 * 295 * 220(H)mm,475 * 295 * 220(H)mm,,BOX,,,박스바다,,,0.0,,,,,A,26.03월,459,무지 박스 2개,,raw_only,A단독: 파일 B/C에서 매칭 실패,2026-04-10T21:17:34
RM-000457,RM,무지 박스 4개 475 * 295 * 430(H)mm,475 * 295 * 430(H)mm,,BOX,,,박스바다,,,0.0,,,,,A,26.03월,460,무지 박스 4개,,raw_only,A단독: 파일 B/C에서 매칭 실패,2026-04-10T21:17:34
RM-000458,RM,무지 박스 6개 700 * 300 * 430(H)mm,700 * 300 * 430(H)mm,,BOX,,,박스바다,,,0.0,,,,,A,26.03월,461,무지 박스 6개,,raw_only,A단독: 파일 B/C에서 매칭 실패,2026-04-10T21:17:34
RM-000459,RM,Rex 구강 카메라 박스,,,BOX,,,제이디자인,,,0.0,,,,,A,26.03월,462,Rex 구강 카메라 박스,,raw_only,A단독: 파일 B/C에서 매칭 실패,2026-04-10T21:17:34
RM-000461,RM,ADX6000 센서 무지 박스,,,BOX,,,박스바다,,,0.0,,,,,A,26.03월,464,ADX6000 센서 무지 박스,,raw_only,A단독: 파일 B/C에서 매칭 실패,2026-04-10T21:17:34
RM-000463,RM,"제품박스 상, 하 스티로폼 60.5 * 27.5 * 3T",60.5 * 27.5 * 3T,,스티로폼,,,굿모닝코리아유통,,,0.0,,,,,A,26.03월,466,"제품박스 상, 하 스티로폼",,raw_only,A단독: 파일 B/C에서 매칭 실패,2026-04-10T21:17:34
RM-000464,RM,제품박스 좁은 스티로폼 42.5 * 27.5 * 3T,42.5 * 27.5 * 3T,,스티로폼,,,굿모닝코리아유통,,,0.0,,,,,A,26.03월,467,제품박스 좁은 스티로폼,,raw_only,A단독: 파일 B/C에서 매칭 실패,2026-04-10T21:17:34
RM-000465,RM,제품박스 넒은 스티로폼 42.5 * 55 * 3.5T,42.5 * 55 * 3.5T,,스티로폼,,,굿모닝코리아유통,,,0.0,,,,,A,26.03월,468,제품박스 넒은 스티로폼,,raw_only,A단독: 파일 B/C에서 매칭 실패,2026-04-10T21:17:34
RM-000466,RM,"DR Tech 센서 상, 하 스티로폼 45.5 * 42 * 3T",45.5 * 42 * 3T,,스티로폼,,,굿모닝코리아유통,,,0.0,,,,,A,26.03월,469,"DR Tech 센서 상, 하 스티로폼",,raw_only,A단독: 파일 B/C에서 매칭 실패,2026-04-10T21:17:34
RM-000467,RM,내부폼 (가교 PAD) SET,,,내부폼,,,에이팩산업,,,0.0,,,,,A,26.03월,470,내부폼 (가교 PAD) SET,,raw_only,A단독: 파일 B/C에서 매칭 실패,2026-04-10T21:17:34
RM-000477,RM,제품 어깨끈 구형,구형,,숄더스트랩,,,굿모닝코리아유통,,,77.0,,,,,A,26.03월,480,제품 어깨끈,,raw_only,A단독: 파일 B/C에서 매칭 실패,2026-04-10T21:17:34
RM-000479,RM,DX3000 핸드 스트랩,,,스트랩,,,굿모닝코리아유통,,,0.0,,,,,A,26.03월,482,DX3000 핸드 스트랩,,raw_only,A단독: 파일 B/C에서 매칭 실패,2026-04-10T21:17:34
RM-000480,RM,연아크릴 쉴드 8T 153 * ∮65 * 8T,153 * ∮65 * 8T,,연아크릴,,,선일쉴드텍,,,194.0,,,,,A,26.03월,483,연아크릴 쉴드 8T,,raw_only,A단독: 파일 B/C에서 매칭 실패,2026-04-10T21:17:34
RM-000481,RM,연아크릴 쉴드 8T 153 * ∮65 * 8T,153 * ∮65 * 8T,,연아크릴,,,중국,,,442.0,,,,,A,26.03월,484,연아크릴 쉴드 8T,,raw_only,A단독: 파일 B/C에서 매칭 실패,2026-04-10T21:17:34
RM-000482,RM,연아크릴 쉴드 12T 153 * ∮65 * 12T,153 * ∮65 * 12T,,연아크릴,,,선일쉴드텍,,,24.0,,,,,A,26.03월,485,연아크릴 쉴드 12T,,raw_only,A단독: 파일 B/C에서 매칭 실패,2026-04-10T21:17:34
RM-000483,RM,연아크릴 쉴드 12T 153 * ∮65 * 12T,153 * ∮65 * 12T,,연아크릴,,,중국,,,274.0,,,,,A,26.03월,486,연아크릴 쉴드 12T,,raw_only,A단독: 파일 B/C에서 매칭 실패,2026-04-10T21:17:34
RM-000484,RM,연아크릴 쉴드 12T 153 * ∮60 * 12T,153 * ∮60 * 12T,,연아크릴,,,선일쉴드텍,,,0.0,,,,,A,26.03월,487,연아크릴 쉴드 12T,,raw_only,A단독: 파일 B/C에서 매칭 실패,2026-04-10T21:17:34
RM-000485,RM,연아크릴 쉴드 12T 153 * ∮60 * 12T,153 * ∮60 * 12T,,연아크릴,,,중국,,,80.0,,,,,A,26.03월,488,연아크릴 쉴드 12T,,raw_only,A단독: 파일 B/C에서 매칭 실패,2026-04-10T21:17:34
RM-000486,RM,"사각 연아크릴 쉴드 직사각형, 215 * 199mm 8T","직사각형, 215 * 199mm 8T",,연아크릴,,,선일쉴드텍,,,0.0,,,,,A,26.03월,489,사각 연아크릴 쉴드,,raw_only,A단독: 파일 B/C에서 매칭 실패,2026-04-10T21:17:34
RM-000487,RM,"사각 연아크릴 쉴드 직사각형, 215 * 199mm 8T","직사각형, 215 * 199mm 8T",,연아크릴,,,중국,,,59.0,,,,,A,26.03월,490,사각 연아크릴 쉴드,,raw_only,A단독: 파일 B/C에서 매칭 실패,2026-04-10T21:17:34
RM-000488,RM,"사각 연아크릴 쉴드 정사각형, 215 * 205mm","정사각형, 215 * 205mm",,연아크릴,,,선일쉴드텍,,,0.0,,,,,A,26.03월,491,사각 연아크릴 쉴드,,raw_only,A단독: 파일 B/C에서 매칭 실패,2026-04-10T21:17:34
RM-000494,RM,우루과이 NAME PLATE,,,AL 스티커,,,에덴상공사,,,0.0,,,,,A,26.03월,497,우루과이 NAME PLATE,,raw_only,A단독: 파일 B/C에서 매칭 실패,2026-04-10T21:17:34
RM-000498,RM,IRay A6S NAME PLATE,,,AL 스티커,,,에덴상공사,,,893.0,,,,,A,26.03월,501,IRay A6S NAME PLATE,,raw_only,A단독: 파일 B/C에서 매칭 실패,2026-04-10T21:17:34
RM-000499,RM,DEXCOWIN NAME PLATE FDXD-810 디텍터용,FDXD-810 디텍터용,,AL 스티커,,,에덴상공사,,,216.0,,,,,A,26.03월,502,DEXCOWIN NAME PLATE,,raw_only,A단독: 파일 B/C에서 매칭 실패,2026-04-10T21:17:34
RM-000500,RM,DEXCOWIN NAME PLATE 뱅가드 가방용,뱅가드 가방용,,AL 스티커,,,에덴상공사,,,57.0,,,,,A,26.03월,503,DEXCOWIN NAME PLATE,,raw_only,A단독: 파일 B/C에서 매칭 실패,2026-04-10T21:17:34
RM-000501,RM,SUS PLATE,,,AL 스티커,,,에덴상공사,,,0.0,,,,,A,26.03월,504,SUS PLATE,,raw_only,A단독: 파일 B/C에서 매칭 실패,2026-04-10T21:17:34
RM-000502,RM,DEXCOWIN NAME PLATE DR Tech 센서용,DR Tech 센서용,,AL 스티커,,,에덴상공사,,,0.0,,,,,A,26.03월,505,DEXCOWIN NAME PLATE,,raw_only,A단독: 파일 B/C에서 매칭 실패,2026-04-10T21:17:34
RM-000503,RM,DEXCOWIN NAME PLATE 가방용,가방용,,AL 스티커,,,에덴상공사,,,0.0,,,,,A,26.03월,506,DEXCOWIN NAME PLATE,,raw_only,A단독: 파일 B/C에서 매칭 실패,2026-04-10T21:17:34
RM-000504,RM,손잡이 에폭시 스티커,,,에폭시 스티커,,,거광에폭시,,,0.0,,,,,A,26.03월,507,손잡이 에폭시 스티커,,raw_only,A단독: 파일 B/C에서 매칭 실패,2026-04-10T21:17:34
RM-000507,RM,330N 센서 케이스,,,센서 케이스,,,다우정밀,,,0.0,,,,,A,26.03월,510,330N 센서 케이스,,raw_only,A단독: 파일 B/C에서 매칭 실패,2026-04-10T21:17:34
RM-000508,RM,17*17 DRTECH 센서,,,센서,,,디알텍,,,0.0,,,,,A,26.03월,511,17*17 DRTECH 센서,,raw_only,A단독: 파일 B/C에서 매칭 실패,2026-04-10T21:17:34
RM-000510,RM,810 DRTECH 센서,,,센서,,,디알텍,,,0.0,,,,,A,26.03월,513,810 DRTECH 센서,,raw_only,A단독: 파일 B/C에서 매칭 실패,2026-04-10T21:17:34
RM-000511,RM,HDI 1000 Rex2 Classic/1.5,,,센서,,,레이언스,,,0.0,,,,,A,26.03월,514,HDI 1000 [Rex2 Classic/1.5],,raw_only,A단독: 파일 B/C에서 매칭 실패,2026-04-10T21:17:34
RM-000521,RM,볼트마개,,,볼트캡,,,직구,,,0.0,,,,,A,26.03월,524,볼트마개,,raw_only,A단독: 파일 B/C에서 매칭 실패,2026-04-10T21:17:34
RM-000523,RM,공 CD,,,ABS,,,제이디자인,,,0.0,,,,,A,26.03월,526,공 CD,,raw_only,A단독: 파일 B/C에서 매칭 실패,2026-04-10T21:17:34
RM-000525,RM,틸트 암 부쉬,,,ABS,,,에이스힌지텍,,,0.0,,,,,A,26.03월,528,틸트 암 부쉬,,raw_only,A단독: 파일 B/C에서 매칭 실패,2026-04-10T21:17:34
RM-000526,RM,스탠드 부속품 (바-부쉬),,,ABS,,,에이스힌지텍,,,7.0,,,,,A,26.03월,529,스탠드 부속품 (바-부쉬),,raw_only,A단독: 파일 B/C에서 매칭 실패,2026-04-10T21:17:34
RM-000527,RM,스탠드 부속품 (바-부쉬링),,,SUS,,,에이스힌지텍,,,10.0,,,,,A,26.03월,530,스탠드 부속품 (바-부쉬링),,raw_only,A단독: 파일 B/C에서 매칭 실패,2026-04-10T21:17:34
RM-000528,RM,스탠드 브라켓(암연결용),,,브라켓,,,에이스힌지텍,,,0.0,,,,,A,26.03월,531,스탠드 브라켓(암연결용),,raw_only,A단독: 파일 B/C에서 매칭 실패,2026-04-10T21:17:34
RM-000529,RM,스탠드 브라켓(제품용),,,브라켓,,,다우정밀,,,0.0,,,,,A,26.03월,532,스탠드 브라켓(제품용),,raw_only,A단독: 파일 B/C에서 매칭 실패,2026-04-10T21:17:34
RM-000532,RM,스탠드홀드(신형) 흰색,흰색,,제품 거치대,,,제이케이시스템,,,0.0,,,,,A,26.03월,535,스탠드홀드(신형),,raw_only,A단독: 파일 B/C에서 매칭 실패,2026-04-10T21:17:34
RM-000533,RM,배터리 거치대 사출 SETS,,,ABS 난연,,,다성 ENG,,,0.0,,,,,A,26.03월,536,배터리 거치대 사출 SETS,,raw_only,A단독: 파일 B/C에서 매칭 실패,2026-04-10T21:17:34
RM-000534,RM,배터리 거치대용 신주핀,,,신주,,,다우정밀,,,0.0,,,,,A,26.03월,537,배터리 거치대용 신주핀,,raw_only,A단독: 파일 B/C에서 매칭 실패,2026-04-10T21:17:34
RM-000536,RM,스탠드 브라켓 족의학용,,,브라켓,,,제이케이시스템,,,0.0,,,,,A,26.03월,539,스탠드 브라켓 족의학용,,raw_only,A단독: 파일 B/C에서 매칭 실패,2026-04-10T21:17:34
RM-000549,RM,각도기 홀더,,,ABS 난연,,,제이케이시스템,,,0.0,,,,,A,26.03월,552,각도기 홀더,,raw_only,A단독: 파일 B/C에서 매칭 실패,2026-04-10T21:17:34
RM-000551,RM,AlmyT STAND BODY SET,,,완제품,,,에이스힌지텍,,,0.0,,,,,A,26.03월,554,AlmyT STAND BODY SET,,raw_only,A단독: 파일 B/C에서 매칭 실패,2026-04-10T21:17:34
RM-000552,RM,AlmyT STAND ACC SET,,,완제품,,,에이스힌지텍,,,0.0,,,,,A,26.03월,555,AlmyT STAND ACC SET,,raw_only,A단독: 파일 B/C에서 매칭 실패,2026-04-10T21:17:34
RM-000554,RM,체스트 & 베드 암 파이프,,,완제품,,,로움텍,,,0.0,,,,,A,26.03월,557,체스트 & 베드 암 파이프,,raw_only,A단독: 파일 B/C에서 매칭 실패,2026-04-10T21:17:34
RM-000555,RM,체스트 & 베드 조인트 암,,,완제품,,,로움텍,,,0.0,,,,,A,26.03월,558,체스트 & 베드 조인트 암,,raw_only,A단독: 파일 B/C에서 매칭 실패,2026-04-10T21:17:34
RM-000556,RM,"체스트 & 베드 픽스 블럭 A, B (육각 렌치 3, 5)",,,완제품,,,로움텍,,,0.0,,,,,A,26.03월,559,"체스트 & 베드 픽스 블럭 A, B (육각 렌치 3, 5)",,raw_only,A단독: 파일 B/C에서 매칭 실패,2026-04-10T21:17:34
RM-000559,RM,FOOT SWITCH,,,유선리모콘,,,직구,,,0.0,,,,,A,26.03월,562,FOOT SWITCH,,raw_only,A단독: 파일 B/C에서 매칭 실패,2026-04-10T21:17:34
RM-000560,RM,리드스위치,,,스위치,,,HLP,,,0.0,,,,,A,26.03월,563,리드스위치,,raw_only,A단독: 파일 B/C에서 매칭 실패,2026-04-10T21:17:34
RM-000561,RM,"쉴드 오링 AN-036, 60∮","AN-036, 60∮",,오링,,,직구,,,0.0,,,,,A,26.03월,564,쉴드 오링,,raw_only,A단독: 파일 B/C에서 매칭 실패,2026-04-10T21:17:34
RM-000563,RM,실리콘 캡 LSR 투명 실리콘,LSR 투명 실리콘,,실리콘,,,가연테크,,,1200.0,,,,,A,26.03월,566,실리콘 캡,,raw_only,A단독: 파일 B/C에서 매칭 실패,2026-04-10T21:17:34
RM-000564,RM,Battery Pack 사급자재,사급자재,,ABS 난연,,,천우,,,0.0,,,,,A,26.03월,568,Battery Pack,,raw_only,A단독: 파일 B/C에서 매칭 실패,2026-04-10T21:17:34
RM-000565,RM,Battery Case 사급자재,사급자재,,ABS 난연,,,천우,,,0.0,,,,,A,26.03월,569,Battery Case,,raw_only,A단독: 파일 B/C에서 매칭 실패,2026-04-10T21:17:34
RM-000566,RM,배터리 내부 단자 사급자재,사급자재,,신주,,,해진정밀,,,0.0,,,,,A,26.03월,570,배터리 내부 단자,,raw_only,A단독: 파일 B/C에서 매칭 실패,2026-04-10T21:17:34
RM-000570,RM,고압용 칩 세라믹 콘덴서 2220J6K00222KXT,2220J6K00222KXT,,세라믹,,,비지티,,,0.0,,,,,A,26.03월,574,고압용 칩 세라믹 콘덴서,,raw_only,A단독: 파일 B/C에서 매칭 실패,2026-04-10T21:17:34
RM-000571,RM,세라믹 튜브 하우징 파이프 HDPE,HDPE,,HDPE,,,용봉화학,,,0.0,,,,,A,26.03월,575,세라믹 튜브 하우징 파이프,,raw_only,A단독: 파일 B/C에서 매칭 실패,2026-04-10T21:17:34
RM-000572,RM,내부 케이스 HDPE,HDPE,,HDPE,,,용봉화학,,,0.0,,,,,A,26.03월,576,내부 케이스,,raw_only,A단독: 파일 B/C에서 매칭 실패,2026-04-10T21:17:34
RM-000573,RM,고압 격벽 HDPE,HDPE,,HDPE,,,용봉화학,,,0.0,,,,,A,26.03월,577,고압 격벽,,raw_only,A단독: 파일 B/C에서 매칭 실패,2026-04-10T21:17:34
RM-000574,RM,에이밍 필터 0.5T * Φ40 에이밍 은경 추가 필터,0.5T * Φ40 에이밍 은경 추가 필터,,AL,,,,,,0.0,,,,,A,26.03월,578,에이밍 필터,,raw_only,A단독: 파일 B/C에서 매칭 실패,2026-04-10T21:17:34
RM-000575,RM,CTR B/D (ST용),,,PCB,,,HLP,,,0.0,,,,,A,26.03월,579,CTR B/D (ST용),,raw_only,A단독: 파일 B/C에서 매칭 실패,2026-04-10T21:17:34
RM-000576,RM,CTR B/D (구형),,,PCB,,,,,,0.0,,,,,A,26.03월,580,CTR B/D (구형),,raw_only,A단독: 파일 B/C에서 매칭 실패,2026-04-10T21:17:34
RM-000580,RM,FFC 10핀,,,CABLE,,,HLP,,,0.0,,,,,A,26.03월,584,FFC 10핀,,raw_only,A단독: 파일 B/C에서 매칭 실패,2026-04-10T21:17:34
RM-000581,RM,"하네스 3-1번 FFC CABLE 1mm*30P*200*A CTR BD*OP BD FFC CABLE (같은 방향) (구형, 신형)","FFC CABLE 1mm*30P*200*A CTR BD*OP BD FFC CABLE (같은 방향) (구형, 신형)",,CABLE,,,HLP,,,0.0,,,,,A,26.03월,585,하네스 3-1번,,raw_only,A단독: 파일 B/C에서 매칭 실패,2026-04-10T21:17:34
RM-000582,RM,"하네스 12번 FLAT 30P 2.0mm, L=205mm, 1:1 CTR BD * OP BD 연결 30핀","FLAT 30P 2.0mm, L=205mm, 1:1 CTR BD * OP BD 연결 30핀",,CABLE,,,HLP,,,0.0,,,,,A,26.03월,586,하네스 12번,,raw_only,A단독: 파일 B/C에서 매칭 실패,2026-04-10T21:17:34
RM-000583,RM,하네스 7-1번 12505HS-05 70mm OP BD+TOUCH BD 5핀,12505HS-05 70mm OP BD+TOUCH BD 5핀,,CABLE,,,HLP,,,0.0,,,,,A,26.03월,587,하네스 7-1번,,raw_only,A단독: 파일 B/C에서 매칭 실패,2026-04-10T21:17:34
RM-000586,RM,INNER USB B/D,,,PCB,,,HLP,,,0.0,,,,,A,26.03월,590,INNER USB B/D,,raw_only,A단독: 파일 B/C에서 매칭 실패,2026-04-10T21:17:34
RM-000598,RM,ETC EX BATTERY BD,,,PCB,,,HLP,,,0.0,,,,,A,26.03월,602,ETC EX BATTERY BD,,raw_only,A단독: 파일 B/C에서 매칭 실패,2026-04-10T21:17:34
RM-000599,RM,ETC RESIST BD,,,PCB,,,HLP,,,0.0,,,,,A,26.03월,603,ETC RESIST BD,,raw_only,A단독: 파일 B/C에서 매칭 실패,2026-04-10T21:17:34
RM-000600,RM,ETC CAP BANK BD,,,PCB,,,HLP,,,0.0,,,,,A,26.03월,604,ETC CAP BANK BD,,raw_only,A단독: 파일 B/C에서 매칭 실패,2026-04-10T21:17:34
RM-000602,RM,"DRTech FDXD-810, FLAATZ-N330 CTR Battery B/D 구형",구형,,PCB,,,HLP,,,0.0,,,,,A,26.03월,606,"DRTech FDXD-810, FLAATZ-N330 CTR Battery B/D",,raw_only,A단독: 파일 B/C에서 매칭 실패,2026-04-10T21:17:34
RM-000603,RM,"DRTech FDXD-810, FLAATZ-N330 CTR Battery B/D 신형",신형,,PCB,,,HLP,,,0.0,,,,,A,26.03월,607,"DRTech FDXD-810, FLAATZ-N330 CTR Battery B/D",,raw_only,A단독: 파일 B/C에서 매칭 실패,2026-04-10T21:17:34
RM-000605,RM,하네스 8번 YH396-04V - 2EA CAP BANK 케이블 / 120mm,YH396-04V - 2EA CAP BANK 케이블 / 120mm,,CABLE,,,HLP,,,0.0,,,,,A,26.03월,609,하네스 8번,,raw_only,A단독: 파일 B/C에서 매칭 실패,2026-04-10T21:17:34
RM-000607,RM,하네스 12번 YH396-04V - 1EA 외부단자 케이블 / 200mm,YH396-04V - 1EA 외부단자 케이블 / 200mm,,CABLE,,,HLP,,,0.0,,,,,A,26.03월,611,하네스 12번,,raw_only,A단독: 파일 B/C에서 매칭 실패,2026-04-10T21:17:34
RM-000608,RM,하네스 13번 DC Connector Cable 외부배터리 케이블 / 360mm,DC Connector Cable 외부배터리 케이블 / 360mm,,CABLE,,,HLP,,,0.0,,,,,A,26.03월,612,하네스 13번,,raw_only,A단독: 파일 B/C에서 매칭 실패,2026-04-10T21:17:34
RM-000615,RM,컬리메이터 REAR 사출 ABS 난연 화이트 + 스프레이,ABS 난연 화이트 + 스프레이,,ABS 난연,,,천우,,,0.0,,,,,A,26.03월,619,컬리메이터 REAR 사출,,raw_only,A단독: 파일 B/C에서 매칭 실패,2026-04-10T21:17:34
RM-000621,RM,스킨가드 FRAME AL 가공 + 흑색 아노다이징,AL 가공 + 흑색 아노다이징,,AL + STEEL,,,제이케이시스템,,,0.0,,,,,A,26.03월,625,스킨가드 FRAME,,raw_only,A단독: 파일 B/C에서 매칭 실패,2026-04-10T21:17:34
RM-000622,RM,"스킨가드 BODY 벨크로, AL 가공","벨크로, AL 가공",,AL + STEEL,,,제이케이시스템,,,0.0,,,,,A,26.03월,626,스킨가드 BODY,,raw_only,A단독: 파일 B/C에서 매칭 실패,2026-04-10T21:17:34
RM-000623,RM,스킨가드 구형,,,AL + STEEL,,,제이케이시스템,,,23.0,,,,,A,26.03월,627,스킨가드 구형,,raw_only,A단독: 파일 B/C에서 매칭 실패,2026-04-10T21:17:34
RM-000625,RM,알루미늄 브라켓 4 hole AL 가공 + 백색 아노다이징,AL 가공 + 백색 아노다이징,,AL,,,제이케이시스템,,,0.0,,,,,A,26.03월,629,알루미늄 브라켓 4 hole,,raw_only,A단독: 파일 B/C에서 매칭 실패,2026-04-10T21:17:34
RM-000628,RM,외부전원 연결 DC잭 너트,,,RUBBER,,,직구,,,0.0,,,,,A,26.03월,632,외부전원 연결 DC잭 너트,,raw_only,A단독: 파일 B/C에서 매칭 실패,2026-04-10T21:17:34
RM-000632,RM,가죽 손잡이 (탈착배터리 터치펜 O) 인조 가죽,인조 가죽,,인조가죽,,,굿모닝코리아유통,,,0.0,,,,,A,26.03월,636,가죽 손잡이 (탈착배터리 터치펜 O),,raw_only,A단독: 파일 B/C에서 매칭 실패,2026-04-10T21:17:34
RM-000633,RM,가죽 손잡이 (외부배터리) 인조 가죽,인조 가죽,,인조가죽,,,굿모닝코리아유통,,,0.0,,,,,A,26.03월,637,가죽 손잡이 (외부배터리),,raw_only,A단독: 파일 B/C에서 매칭 실패,2026-04-10T21:17:34
RM-000634,RM,BODY LEFT 사출(외부배터리 사출커팅) ABS 난연 화이트 + 스프레이 AS용,ABS 난연 화이트 + 스프레이 AS용,,ABS 난연,,,천우,,,0.0,,,,,A,26.03월,638,BODY LEFT 사출(외부배터리 사출커팅),,raw_only,A단독: 파일 B/C에서 매칭 실패,2026-04-10T21:17:34
RM-000635,RM,BODY RIGHT 사출(외부배터리용) ABS 난연 화이트 + 스프레이 AS용,ABS 난연 화이트 + 스프레이 AS용,,ABS 난연,,,천우,,,0.0,,,,,A,26.03월,639,BODY RIGHT 사출(외부배터리용),,raw_only,A단독: 파일 B/C에서 매칭 실패,2026-04-10T21:17:34
RM-000637,RM,컬리메이터 내부하우징 사출 + 납,,,재공품,,,덱스코윈,,,0.0,,,,,A,26.03월,641,컬리메이터 내부하우징 사출 + 납,,raw_only,A단독: 파일 B/C에서 매칭 실패,2026-04-10T21:17:34
RM-000638,RM,330N 센서 하네스 1번 (배터리팩 4핀),,,CABLE,,,HLP,,,0.0,,,,,A,26.03월,642,330N 센서 하네스 1번 (배터리팩 4핀),,raw_only,A단독: 파일 B/C에서 매칭 실패,2026-04-10T21:17:34
RM-000639,RM,330N 센서 하네스 2번 (전원 스위치 2핀),,,CABLE,,,HLP,,,0.0,,,,,A,26.03월,643,330N 센서 하네스 2번 (전원 스위치 2핀),,raw_only,A단독: 파일 B/C에서 매칭 실패,2026-04-10T21:17:34
RM-000640,RM,330N 센서 하네스 3번 (플랫 24핀),,,CABLE,,,HLP,,,0.0,,,,,A,26.03월,644,330N 센서 하네스 3번 (플랫 24핀),,raw_only,A단독: 파일 B/C에서 매칭 실패,2026-04-10T21:17:34
RM-000641,RM,330N 센서 하네스 4번 (8핀),,,CABLE,,,HLP,,,0.0,,,,,A,26.03월,645,330N 센서 하네스 4번 (8핀),,raw_only,A단독: 파일 B/C에서 매칭 실패,2026-04-10T21:17:34
RM-000642,RM,330N 센서 하네스 5번 (인터페이스 케이블),,,CABLE,,,HLP,,,0.0,,,,,A,26.03월,646,330N 센서 하네스 5번 (인터페이스 케이블),,raw_only,A단독: 파일 B/C에서 매칭 실패,2026-04-10T21:17:34
RM-000643,RM,330N 센서 고무발,,,RUBBER,,,직구,,,0.0,,,,,A,26.03월,647,330N 센서 고무발,,raw_only,A단독: 파일 B/C에서 매칭 실패,2026-04-10T21:17:34
RM-000645,RM,BOTTOM BLOCK,,,AL + STEEL,,,제이케이시스템,,,0.0,,,,,A,26.03월,649,BOTTOM BLOCK,,raw_only,A단독: 파일 B/C에서 매칭 실패,2026-04-10T21:17:34
RM-000646,RM,"SMPS (PSU) DEX-A085-M, 17V,5A(85W)","DEX-A085-M, 17V,5A(85W)",,ADAPTER,,,두앤비무역,,,0.0,,,,,A,26.03월,650,SMPS (PSU),,raw_only,A단독: 파일 B/C에서 매칭 실패,2026-04-10T21:17:34
RM-000647,RM,마그네틱 젠더,,,CABLE,,,HLP,,,0.0,,,,,A,26.03월,651,마그네틱 젠더,,raw_only,A단독: 파일 B/C에서 매칭 실패,2026-04-10T21:17:34
RM-000649,RM,와이어 몰드,,,케이블 스토퍼,,,동양전자,,,0.0,,,,,A,26.03월,653,와이어 몰드,,raw_only,A단독: 파일 B/C에서 매칭 실패,2026-04-10T21:17:34
