item_id,source_file,source_sheet,source_row,original_name
RM-000001,A,26.03월,4,전극(70kV)
RM-000002,A,26.03월,5,텅스텐 필라멘트
RM-000003,A,26.03월,6,텅스텐 필라멘트
RM-000004,A,26.03월,7,게터
RM-000005,A,26.03월,8,에노드
RM-000006,A,26.03월,9,포커서
RM-000007,A,26.03월,10,세라믹 바디
RM-000008,A,26.03월,11,세라믹 스템
RM-000009,A,26.03월,12,필러
RM-000010,A,26.03월,13,전극 필러
RM-000011,A,26.03월,14,전극(100kV)
RM-000012,A,26.03월,15,텅스텐 필라멘트
RM-000013,A,26.03월,16,에노드
RM-000014,A,26.03월,17,에노드 링
RM-000015,A,26.03월,18,포커서
RM-000016,A,26.03월,19,세라믹 바디
RM-000017,A,26.03월,20,세라믹 슬리브
RM-000018,A,26.03월,21,필러
RM-000019,A,26.03월,22,전극 필러
RM-000020,A,26.03월,23,TUBE
RM-000020,C,고압,3,캐논튜브 [ D-081B ] _ 60KV 
RM-000021,A,26.03월,24,TUBE
RM-000021,C,고압,4,캐논튜브 [ D-041 ] _ 70KV 
RM-000022,A,26.03월,25,TUBE
RM-000022,C,고압,6,세라믹튜브 [DXDR-070] _ 70KV
RM-000023,A,26.03월,26,TUBE
RM-000023,C,고압,5,캐논튜브 [ D-0813 ] _ 80KV 
RM-000024,A,26.03월,27,TUBE
RM-000024,C,고압,8,CEI튜브 [OX-70] _ 90KV
RM-000025,A,26.03월,28,TUBE
RM-000025,C,고압,7,세라믹튜브 [DXDR-100] _ 100KV
RM-000026,A,26.03월,29,튜브 하우징 파이프
RM-000026,C,고압,101,베이클라이트 하우징 파이프
RM-000027,A,26.03월,30,튜브 하우징 파이프
RM-000027,C,고압,102,70KV 튜브 하우징용 파이프
RM-000028,A,26.03월,31,튜브 하우징 파이프
RM-000028,C,고압,102,70KV 튜브 하우징용 파이프
RM-000029,A,26.03월,32,네온램프
RM-000029,C,고압,10,네온램프(NEON-5T)
RM-000030,A,26.03월,33,고압 다이오드
RM-000030,C,고압,9,"고압다이오드 2CL77 [20KV, 5mA]"
RM-000031,A,26.03월,34,고압 다이오드
RM-000031,C,고압,18,DL1500(다이오드)
RM-000032,A,26.03월,35,고압 다이오드
RM-000032,C,고압,24,DD1800 (신규 다이오드)
RM-000033,A,26.03월,36,15㏀ 고압용 저항
RM-000033,C,고압,13,"고압용 (15㏀±1％, DIP) - 1/4W"
RM-000034,A,26.03월,37,30㏀ 고압용 저항
RM-000034,C,고압,12,고압용 (30㏀)
RM-000035,A,26.03월,38,500Ω 고압용 저항
RM-000035,C,고압,14,"고압용 (500Ω±1％, DIP) - 1/4W"
RM-000036,A,26.03월,39,"1.7W,10kV 시멘트저항 짧은 것"
RM-000036,C,고압,20,RK92-18XD 307J 시멘트저항 긴 것
RM-000037,A,26.03월,40,"2.7W,15kV 시멘트저항 긴 것"
RM-000037,C,고압,20,RK92-18XD 307J 시멘트저항 긴 것
RM-000038,A,26.03월,41,47k Surge 저항
RM-000038,C,고압,19,HPC-2C 47k/Surge
RM-000039,A,26.03월,42,100nF 칩세라믹 콘덴서
RM-000039,C,고압,17,3216 B 100nF
RM-000040,A,26.03월,43,103Z 고압용 세라믹 콘덴서
RM-000041,A,26.03월,44,세라믹 큰 콘덴서
RM-000041,C,고압,16,DHR4E4C102K2FB 큰 콘덴서
RM-000042,A,26.03월,45,세라믹 작은 콘덴서 Murata
RM-000042,C,고압,21,680pF  DHR4E4C681K2BB 무라타 작은 콘덴서
RM-000043,A,26.03월,46,세라믹 작은 콘덴서 Vishay
RM-000043,C,고압,21,680pF  DHR4E4C681K2BB 무라타 작은 콘덴서
RM-000044,A,26.03월,47,온도센서
RM-000044,C,고압,22,LNTK103FW 온도센서
RM-000045,A,26.03월,48,트랜스포머
RM-000045,C,고압,3,캐논튜브 [ D-081B ] _ 60KV 
RM-000046,A,26.03월,49,트랜스포머
RM-000046,C,고압,4,캐논튜브 [ D-041 ] _ 70KV 
RM-000047,A,26.03월,50,트랜스포머 (800턴)
RM-000047,C,고압,5,캐논튜브 [ D-0813 ] _ 80KV 
RM-000048,A,26.03월,51,T 코어 (히터트랜스용)
RM-000048,C,고압,37,T 코어 (히터트랜스용)
RM-000049,A,26.03월,52,T 코어 (히터트랜스용)
RM-000049,C,고압,37,T 코어 (히터트랜스용)
RM-000050,A,26.03월,53,센더스트 코어
RM-000050,C,고압,36,센더스트 코어 CS234060
RM-000051,A,26.03월,54,TIW 권선 (히터트랜스용 선)
RM-000051,C,고압,34,TIW (외경)0.7mm(내경)0.5 5000m(히터트랜스용 선)
RM-000052,A,26.03월,55,히터트랜스용 고압선(적색)
RM-000052,C,고압,35,40KVDC 22AWG  (히터트랜스용 붉은 고압선)
RM-000053,A,26.03월,56,히터트랜스용 고압선(흰색)
RM-000053,C,고압,35,40KVDC 22AWG  (히터트랜스용 붉은 고압선)
RM-000054,A,26.03월,57,고압베어 B/D
RM-000054,C,고압,55,고압베어B/D
RM-000055,A,26.03월,58,고압베어 B/D - TFT
RM-000055,C,고압,178,"D3GR + D3CT (TFT용)
70kv, 3mA "
RM-000056,A,26.03월,59,고압베어 B/D
RM-000056,C,고압,55,고압베어B/D
RM-000057,A,26.03월,60,고압베어 B/D
RM-000057,C,고압,55,고압베어B/D
RM-000058,A,26.03월,61,고압베어 B/D
RM-000058,C,고압,55,고압베어B/D
RM-000059,A,26.03월,62,고압베어 B/D
RM-000059,C,고압,55,고압베어B/D
RM-000060,A,26.03월,63,고압베어 B/D
RM-000060,C,고압,55,고압베어B/D
RM-000061,A,26.03월,64,튜브 고정 보드 에노드
RM-000061,C,고압,47,튜브 고정 보드 에노드 (나사)
RM-000062,A,26.03월,65,튜브 고정 보드 케소드
RM-000062,C,고압,48,튜브 고정 보드 케소드 (필라멘트)
RM-000063,A,26.03월,66,튜브 고정 보드 케소드
RM-000063,C,고압,48,튜브 고정 보드 케소드 (필라멘트)
RM-000064,A,26.03월,67,튜브 고정 보드 에노드
RM-000064,C,고압,47,튜브 고정 보드 에노드 (나사)
RM-000065,A,26.03월,68,튜브 고정 보드 에노드
RM-000065,C,고압,47,튜브 고정 보드 에노드 (나사)
RM-000066,A,26.03월,69,튜브 고정 보드 케소드
RM-000066,C,고압,48,튜브 고정 보드 케소드 (필라멘트)
RM-000067,A,26.03월,70,베이클라이트 케이스
RM-000067,C,고압,101,베이클라이트 하우징 파이프
RM-000068,A,26.03월,71,NC 케이스
RM-000068,C,고압,107,(nc)케이스
RM-000069,A,26.03월,72,NC 케이스
RM-000069,C,고압,107,(nc)케이스
RM-000070,A,26.03월,73,PE케이스 거치대
RM-000070,C,고압,108,PE케이스거치대
RM-000071,A,26.03월,74,신주 케이스
RM-000071,C,고압,119,신주케이스
RM-000072,A,26.03월,75,신주 케이스
RM-000072,C,고압,119,신주케이스
RM-000073,A,26.03월,76,신주 케이스
RM-000073,C,고압,119,신주케이스
RM-000074,A,26.03월,77,신주 케이스
RM-000074,C,고압,119,신주케이스
RM-000075,A,26.03월,78,신주 케이스
RM-000075,C,고압,119,신주케이스
RM-000076,A,26.03월,79,신주 케이스 뚜껑
RM-000076,C,고압,112,신주케이스 뚜껑
RM-000077,A,26.03월,80,신주 케이스 뚜껑
RM-000077,C,고압,112,신주케이스 뚜껑
RM-000078,A,26.03월,81,신주 케이스 뚜껑
RM-000078,C,고압,112,신주케이스 뚜껑
RM-000079,A,26.03월,82,방사구
RM-000080,A,26.03월,83,방사구
RM-000081,A,26.03월,84,방사구 너트
RM-000081,C,고압,131,방사구 너트
RM-000082,A,26.03월,85,알루미늄 필터
RM-000082,B,조립 자재,31,알루미늄 필터 [0.8T * Φ63]
RM-000083,A,26.03월,86,알루미늄 필터
RM-000083,C,고압,30,1.2T 알루미늄 필터
RM-000084,A,26.03월,87,알루미늄 필터
RM-000084,C,고압,29,2T 알루미늄 필터
RM-000085,A,26.03월,88,방사구 오링
RM-000085,C,고압,32,오링 (2*18)
RM-000086,A,26.03월,89,3 PIN 커넥터
RM-000087,A,26.03월,90,4 PIN 커넥터
RM-000088,A,26.03월,91,7핀 B/D
RM-000088,C,고압,64,7핀 BD [190*88*1.6T*2L]
RM-000089,A,26.03월,92,9핀 B/D - TFT
RM-000090,A,26.03월,93,8핀 B/D
RM-000090,C,고압,65,8핀 BD
RM-000091,A,26.03월,94,9핀 B/D
RM-000091,C,고압,68,9핀 BD
RM-000092,A,26.03월,95,10핀 B/D
RM-000092,C,고압,66,10핀 BD
RM-000093,A,26.03월,96,CTR B/D (유럽용)
RM-000093,B,조립 자재,515,CTR _BD
RM-000094,A,26.03월,97,CTR B/D (미국용)
RM-000094,B,조립 자재,515,CTR _BD
RM-000095,A,26.03월,98,CTR B/D (TFT용)
RM-000095,B,조립 자재,515,CTR _BD
RM-000096,A,26.03월,99,LCD B/D (듀얼 슬라이드)
RM-000096,B,조립 자재,9,FRONT COVER (듀얼 슬라이드)
RM-000097,A,26.03월,100,TFT LCD B/D (듀얼 슬라이드)
RM-000097,B,조립 자재,41,LED DRIVE BD V3.0.1 (TFT CTR BD용)
RM-000098,A,26.03월,101,LCD B/D (사파리) -원버턴타입
RM-000098,B,조립 자재,39,LCD BD  (사파리) -원버턴타입
RM-000099,A,26.03월,102,OLED B/D (듀얼)
RM-000100,A,26.03월,103,EX B/D (듀얼) (좌)
RM-000100,B,조립 자재,35,EX BD (듀얼) - 왼쪽
RM-000101,A,26.03월,104,EX B/D (듀얼) (우)
RM-000101,B,조립 자재,35,EX BD (듀얼) - 왼쪽
RM-000102,A,26.03월,105,EX B/D 사파리 (원버턴)
RM-000102,B,조립 자재,37,EX BD (원버턴) - 사파리
RM-000103,A,26.03월,106,RELAY 쪽 보드
RM-000104,A,26.03월,107,AIM LED 쪽 보드
RM-000104,B,조립 자재,41,LED DRIVE BD V3.0.1 (TFT CTR BD용)
RM-000105,A,26.03월,108,LCD PANEL
RM-000105,B,조립 자재,4,"2.4"" TFT LCD 판넬"
RM-000106,A,26.03월,109,TFT LCD PANEL
RM-000106,B,조립 자재,4,"2.4"" TFT LCD 판넬"
RM-000107,A,26.03월,110,하네스 1번
RM-000107,B,조립 자재,33,FFC 20핀 - 하네스1
RM-000108,A,26.03월,111,하네스 4번
RM-000108,B,조립 자재,125,전원 및 EXP Wire  -8핀
RM-000109,A,26.03월,112,하네스 5번
RM-000109,B,조립 자재,34,EXP KEY 4핀 케이블 - 하네스5 (개당 2개씩)
RM-000110,A,26.03월,113,하네스 7번
RM-000110,B,조립 자재,218,"DF19G-20S-1C(0.5) (2EA) (160mm) (ADX6000s용)
LVDS 케이블 (하네스 7번)"
RM-000111,A,26.03월,114,하네스 8번
RM-000111,B,조립 자재,32,CJ4003 JACK  (관전류 짹 + 2핀케이블) - 하네스8
RM-000112,A,26.03월,115,LCD GUIDE
RM-000112,B,조립 자재,5,LCD GUIDE
RM-000113,A,26.03월,116,LCD GUIDE (사파리)
RM-000113,B,조립 자재,5,LCD GUIDE
RM-000114,A,26.03월,117,FRONT COVER (듀얼 슬라이드)
RM-000114,B,조립 자재,9,FRONT COVER (듀얼 슬라이드)
RM-000115,A,26.03월,118,FRONT COVER (듀얼 슬라이드)
RM-000115,B,조립 자재,9,FRONT COVER (듀얼 슬라이드)
RM-000116,A,26.03월,119,FRONT COVER (듀얼 슬라이드)
RM-000116,B,조립 자재,9,FRONT COVER (듀얼 슬라이드)
RM-000117,A,26.03월,120,REAR COVER
RM-000117,B,조립 자재,11,REAR COVER 
RM-000118,A,26.03월,121,REAR COVER
RM-000118,B,조립 자재,11,REAR COVER 
RM-000119,A,26.03월,122,BATTERY COVER
RM-000119,B,조립 자재,94,BATTERY COVER
RM-000120,A,26.03월,123,BATTERY COVER
RM-000120,B,조립 자재,94,BATTERY COVER
RM-000121,A,26.03월,124,BATTERY COVER
RM-000121,B,조립 자재,94,BATTERY COVER
RM-000122,A,26.03월,125,POWER BUTTON
RM-000122,B,조립 자재,8,POWER BUTTON
RM-000123,A,26.03월,126,EX BUTTON
RM-000123,B,조립 자재,16,EX BUTTON (개당 두개씩)
RM-000124,A,26.03월,127,NAVI KEY
RM-000124,B,조립 자재,6,NAVI KEY
RM-000125,A,26.03월,128,DECO GUIDE
RM-000125,B,조립 자재,171,Black Deco Guide
RM-000126,A,26.03월,129,20cm CONE
RM-000126,B,조립 자재,19,20cm CONE  
RM-000127,A,26.03월,130,20cm CONE
RM-000127,B,조립 자재,19,20cm CONE  
RM-000128,A,26.03월,131,15cm CONE
RM-000128,B,조립 자재,21,15cm CONE 
RM-000129,A,26.03월,132,X-CAP (기본)
RM-000129,B,조립 자재,22,X-CAP (기본)
RM-000130,A,26.03월,133,X-CAP 체결형 (신형)
RM-000130,B,조립 자재,23,X-CAP 체결형 (신형)
RM-000131,A,26.03월,134,"X-CAP 체결형 (구형, 일본용)"
RM-000131,B,조립 자재,23,X-CAP 체결형 (신형)
RM-000132,A,26.03월,135,"X-CAP 체결형 스프레이 X (구형, 일본용)"
RM-000132,B,조립 자재,23,X-CAP 체결형 (신형)
RM-000133,A,26.03월,136,CONE 젠더
RM-000133,B,조립 자재,61,CONE 젠더 (컬리메이터 결합용)
RM-000134,A,26.03월,137,메디컬용 컬리메타
RM-000135,A,26.03월,138,메디컬용 컬리메타 CAP
RM-000136,A,26.03월,139,LCD WINDOW
RM-000136,B,조립 자재,67,아크릴 투명 십자 Panel (66 x 66 mm)
RM-000137,A,26.03월,140,LCD LED
RM-000137,B,조립 자재,501,LCD_LED 확산 아크릴
RM-000138,A,26.03월,141,POWER LED
RM-000138,B,조립 자재,499,Aiming_Light _LED 확산 아크릴
RM-000139,A,26.03월,142,EX LED (좌)
RM-000139,B,조립 자재,499,Aiming_Light _LED 확산 아크릴
RM-000140,A,26.03월,143,EX LED (우)
RM-000140,B,조립 자재,499,Aiming_Light _LED 확산 아크릴
RM-000141,A,26.03월,144,메디컬용 십자아크릴 (66*66)
RM-000142,A,26.03월,145,알루미늄 필터
RM-000142,B,조립 자재,31,알루미늄 필터 [0.8T * Φ63]
RM-000143,A,26.03월,146,알루미늄 필터
RM-000143,B,조립 자재,412,알루미늄 필터 [1.5T * Φ63] (일본 동물용)
RM-000144,A,26.03월,147,HAND STRAP 손잡이
RM-000144,B,조립 자재,96,"HAND STRAP [AL(Cr도금), SUS Φ2.0]-손잡이(터치펜)"
RM-000145,A,26.03월,148,HAND STRAP 손잡이 (로고 없음)
RM-000145,B,조립 자재,96,"HAND STRAP [AL(Cr도금), SUS Φ2.0]-손잡이(터치펜)"
RM-000146,A,26.03월,149,고리 1
RM-000146,B,조립 자재,24,"가죽손잡이 고리1_ [AL(Cr도금), SUS Φ2.0]"
RM-000147,A,26.03월,150,고리 2
RM-000147,B,조립 자재,25,"가죽손잡이 고리2_ [AL(Cr도금), SUS Φ2.0 ]"
RM-000148,A,26.03월,151,CTR B/D
RM-000148,B,조립 자재,515,CTR _BD
RM-000149,A,26.03월,152,FET B/D
RM-000149,C,고압,77,FET BD
RM-000150,A,26.03월,153,POWER SWITCH BD
RM-000150,B,조립 자재,203,Power Switch B/D
RM-000151,A,26.03월,154,POWER SWITCH BD (Ver 3.0.0)
RM-000151,B,조립 자재,203,Power Switch B/D
RM-000152,A,26.03월,155,HANDLE CONNECTOR BD 신형 (신주 2핀)
RM-000152,B,조립 자재,330,CONNECTOR BD (신주 2핀)
RM-000153,A,26.03월,156,BATTERY BRIDGE BD
RM-000153,B,조립 자재,206,Battery Bridge B/D
RM-000154,A,26.03월,157,CRADLE BD
RM-000154,B,조립 자재,210,Cradle B/D
RM-000155,A,26.03월,158,OP & TOUCH BD
RM-000155,B,조립 자재,335,"OP BD+TOUCH BD_ Ass'y
  (Atmega128)_FFC케이블 케넥트 수정 (신형)"
RM-000156,A,26.03월,159,하네스 1번
RM-000156,B,조립 자재,322,"CTR BD 외부단자 2핀 (TX30(FEMALE)+YH396-02100mm 
(하네스 1번)"
RM-000157,A,26.03월,160,하네스 2번
RM-000157,B,조립 자재,323,"TX30(MALE)+DC022(2.5) 80mm 전원 외부단자 2핀 
(하네스 2번)"
RM-000158,A,26.03월,161,하네스 3번
RM-000158,B,조립 자재,324,"30핀 FFC CABLE 
(하네스 3번)"
RM-000159,A,26.03월,162,하네스 4번
RM-000159,B,조립 자재,325,"12505HS-02+SORDER 50mm 스피커 2핀 
(하네스 4번)"
RM-000160,A,26.03월,163,하네스 5번
RM-000160,B,조립 자재,326,"BATTERY BRIDGE BD 4핀 (YH396-04*2EA 150mm
 (하네스 5번)"
RM-000161,A,26.03월,164,하네스 7번
RM-000161,B,조립 자재,327,"12505HS-05 125mm POWER SWITCH BD 5핀
 (하네스 7번)"
RM-000162,A,26.03월,165,하네스 11번
RM-000162,B,조립 자재,328,"YH396-02+SORDER 80mm CRADLE 신주 연결 2핀 
(하네스 11번)"
RM-000163,A,26.03월,166,에이밍 하네스 1번
RM-000163,B,조립 자재,358,CTR+Power BD 2핀 (코쿤 에이밍라이트용 하네스 1번 ) YHM025-02R 210mm
RM-000164,A,26.03월,167,에이밍 하네스 2번
RM-000164,B,조립 자재,359,LED BD 2핀 (코쿤 에이밍라이트용 하네스 2번)  YHM025-02R 180mm
RM-000165,A,26.03월,168,OLED PANEL
RM-000165,B,조립 자재,277,OLED PANEL
RM-000166,A,26.03월,169,TOP BODY
RM-000166,B,조립 자재,78,TOP BODY
RM-000167,A,26.03월,170,BOTTOM BODY
RM-000167,B,조립 자재,482,Bottom Body _ 블랙 샌딩
RM-000168,A,26.03월,171,OLED GUIDE
RM-000168,B,조립 자재,278,OLED GUIDE 사출 
RM-000169,A,26.03월,172,POWER BUTTON
RM-000169,B,조립 자재,8,POWER BUTTON
RM-000170,A,26.03월,173,BUTTON INDICATOR
RM-000170,B,조립 자재,286,BUTTON INDICATOR
RM-000171,A,26.03월,174,TOUCH DUMMY
RM-000171,B,조립 자재,287,TOUCH DUMMY
RM-000172,A,26.03월,175,LOCK KNOB
RM-000172,B,조립 자재,289,LOCK KNOB 
RM-000173,A,26.03월,176,LOCK INNER
RM-000173,B,조립 자재,290,LOCK INNER 
RM-000174,A,26.03월,177,FRONT_S (18cm)
RM-000174,B,조립 자재,313,FRONT_S (18cm) 
RM-000175,A,26.03월,178,FRONT_L (20cm)
RM-000175,B,조립 자재,316,FRONT_L (20cm) 
RM-000176,A,26.03월,179,FRONT_CAP
RM-000176,B,조립 자재,317,FRONT_CAP
RM-000177,A,26.03월,180,에이밍 앞 사출
RM-000177,B,조립 자재,73,컬리메이터 사출 ASS'Y 에이밍 적용
RM-000178,A,26.03월,181,CONE GUIDE_S (18cm)
RM-000178,B,조립 자재,314,CONE GUIDE_S (18cm)
RM-000179,A,26.03월,182,CONE GUIDE_L (20cm)
RM-000179,B,조립 자재,315,CONE GUIDE_L (20cm)
RM-000180,A,26.03월,183,HAND BODY
RM-000180,B,조립 자재,293,HAND BODY 사출 
RM-000181,A,26.03월,184,HAND TOP COVER
RM-000181,B,조립 자재,294,HAND TOP COVER 사출 
RM-000182,A,26.03월,185,BAT BOTTOM
RM-000182,B,조립 자재,301,BAT BOTTOM 
RM-000183,A,26.03월,186,CRADLE BODY BUTTON X
RM-000183,B,조립 자재,305,CRADLE BODY 사출
RM-000184,A,26.03월,187,CRADLE BOTTOM
RM-000184,B,조립 자재,306,CRADLE BOTTOM 사출 
RM-000185,A,26.03월,188,CRADLE FRAME
RM-000185,B,조립 자재,307,CRADLE FRAME
RM-000186,A,26.03월,189,SHOT BUTTON
RM-000186,B,조립 자재,297,SHOT BUTTON 사출 
RM-000187,A,26.03월,190,SHOT PCB GUIDE
RM-000187,B,조립 자재,298,SHOT PCB GUIDE 사출 
RM-000188,A,26.03월,191,SLIDE SWITCH
RM-000188,B,조립 자재,493,Slide Switch Cap _ 레드무광 도색
RM-000189,A,26.03월,192,SLIDE CAP
RM-000189,B,조립 자재,300,SLIDE CAP
RM-000190,A,26.03월,193,GER GUIDE
RM-000190,B,조립 자재,312,GER GUIDE
RM-000191,A,26.03월,194,에이밍 LED BODY 신형 A
RM-000191,B,조립 자재,341,에이밍 TOP BODY ASS'Y
RM-000192,A,26.03월,195,에이밍 LED BODY 신형 B
RM-000192,B,조립 자재,341,에이밍 TOP BODY ASS'Y
RM-000193,A,26.03월,196,에이밍 방사구 젠더
RM-000193,B,조립 자재,356,에이밍 젠더 (가공품)
RM-000194,A,26.03월,197,WINDOW
RM-000194,B,조립 자재,67,아크릴 투명 십자 Panel (66 x 66 mm)
RM-000195,A,26.03월,198,WINDOW
RM-000195,B,조립 자재,67,아크릴 투명 십자 Panel (66 x 66 mm)
RM-000196,A,26.03월,199,에이밍 아크릴 은경
RM-000196,B,조립 자재,152,아크릴 은경
RM-000197,A,26.03월,200,에이밍 십자 아크릴 (사각 모양)
RM-000197,B,조립 자재,347,코쿤 에이밍 십자 아크릴 (사각 모양)
RM-000198,A,26.03월,201,에이밍 원형 십자 아크릴 (테두리 O) 2.0T
RM-000198,B,조립 자재,348,원형 십자 아크릴 1 (테두리 두껍게 있는 것) 2.0T - 영국용
RM-000199,A,26.03월,202,에이밍 원형 십자 아크릴 (테두리 O) 2.0T
RM-000199,B,조립 자재,348,원형 십자 아크릴 1 (테두리 두껍게 있는 것) 2.0T - 영국용
RM-000200,A,26.03월,203,에이밍 원형 십자 아크릴 (테두리 X) 2.0T
RM-000200,B,조립 자재,350,원형 십자 아크릴 2 (테두리 없는 것) 2.0T - 사파리용
RM-000201,A,26.03월,204,알루미늄 필터
RM-000201,B,조립 자재,321,알루미늄 필터 [ 0.5T * Φ63 ]
RM-000202,A,26.03월,205,BAT BOTTOM RUBBER
RM-000202,B,조립 자재,303,BAT BOTTOM RUBBER
RM-000203,A,26.03월,206,CRADLE FOOT RUBBER
RM-000203,B,조립 자재,311,CRADLE FOOT RUBBER
RM-000204,A,26.03월,207,CRADLE 신주 핀
RM-000204,B,조립 자재,328,"YH396-02+SORDER 80mm CRADLE 신주 연결 2핀 
(하네스 11번)"
RM-000205,A,26.03월,208,EXP BUTTON 스프링
RM-000205,B,조립 자재,302,EXP BUTTON 스프링
RM-000206,A,26.03월,209,CRADLE 충전단자 스프링
RM-000206,B,조립 자재,310,크래들 충전단자 스프링
RM-000207,A,26.03월,210,고리
RM-000207,B,조립 자재,288,D링 고리
RM-000208,A,26.03월,211,자석
RM-000208,B,조립 자재,320,자석 (네오디움 마그넷)
RM-000209,A,26.03월,212,FRONT_S (18cm)
RM-000209,B,조립 자재,313,FRONT_S (18cm) 
RM-000210,A,26.03월,213,FRONT_L (20cm)
RM-000210,B,조립 자재,316,FRONT_L (20cm) 
RM-000211,A,26.03월,214,FRONT_CAP
RM-000211,B,조립 자재,317,FRONT_CAP
RM-000212,A,26.03월,215,에이밍 앞 사출
RM-000212,B,조립 자재,73,컬리메이터 사출 ASS'Y 에이밍 적용
RM-000213,A,26.03월,216,POWER BUTTON
RM-000213,B,조립 자재,8,POWER BUTTON
RM-000214,A,26.03월,217,LOCK KNOB
RM-000214,B,조립 자재,289,LOCK KNOB 
RM-000215,A,26.03월,218,LOCK INNER
RM-000215,B,조립 자재,290,LOCK INNER 
RM-000216,A,26.03월,219,HAND BODY
RM-000216,B,조립 자재,293,HAND BODY 사출 
RM-000217,A,26.03월,220,HAND TOP COVER
RM-000217,B,조립 자재,294,HAND TOP COVER 사출 
RM-000218,A,26.03월,221,BAT BOTTOM
RM-000218,B,조립 자재,484,Bat_Bottom _ 블랙 샌딩
RM-000219,A,26.03월,222,CTR _BD
RM-000219,B,조립 자재,515,CTR _BD
RM-000220,A,26.03월,223,OP_BD
RM-000220,B,조립 자재,334,OP BD (Atmega128)_FFC케이블 케넥트 수정 (신형)
RM-000221,A,26.03월,224,POWER_BD
RM-000221,B,조립 자재,113,POWER BD
RM-000222,A,26.03월,225,MAIN_BD
RM-000222,B,조립 자재,516,MAIN_BD
RM-000223,A,26.03월,226,리모콘_BD
RM-000223,B,조립 자재,517,리모콘_BD
RM-000224,A,26.03월,227,EXP_BD
RM-000224,B,조립 자재,518,EXP_BD
RM-000225,A,26.03월,228,BATCON_BD
RM-000225,B,조립 자재,519,BATCON_BD
RM-000226,A,26.03월,229,SOLO 하네스 1번
RM-000226,B,조립 자재,130,"12505HS-02+SORDER 200mm 스피커 2핀 
(하네스 4-1번) "
RM-000227,A,26.03월,230,SOLO 하네스 2번
RM-000227,B,조립 자재,223,"Battery BD 02 Wire Harness [12505HS-06]
[80mm] 탈착 BAT BD 연결 (하네스 11-1번)"
RM-000228,A,26.03월,231,SOLO 하네스 3번
RM-000228,B,조립 자재,324,"30핀 FFC CABLE 
(하네스 3번)"
RM-000229,A,26.03월,232,SOLO 하네스 4번
RM-000229,B,조립 자재,521,"Harness-02 
( BATCON BD + EXP BD 연결 _26AWG / 190mm )"
RM-000230,A,26.03월,233,TOP Body
RM-000230,B,조립 자재,481,Top_body _ 블랙 샌딩
RM-000231,A,26.03월,234,Bottom Body
RM-000231,B,조립 자재,482,Bottom Body _ 블랙 샌딩
RM-000232,A,26.03월,235,Main_Cone
RM-000232,B,조립 자재,490,Main_Cone _ 메탈릭 다크 그레이 도색
RM-000233,A,26.03월,236,Hand_Body
RM-000233,B,조립 자재,483,Hand_Body _ 블랙 샌딩
RM-000234,A,26.03월,237,Bat_Bottom
RM-000234,B,조립 자재,484,Bat_Bottom _ 블랙 샌딩
RM-000235,A,26.03월,238,Power Button
RM-000235,B,조립 자재,486,Power Button _ 블랙 샌딩
RM-000236,A,26.03월,239,Button Indicator
RM-000236,B,조립 자재,286,BUTTON INDICATOR
RM-000237,A,26.03월,240,LCD GUIDE
RM-000237,B,조립 자재,5,LCD GUIDE
RM-000238,A,26.03월,241,발생부_Guide
RM-000238,B,조립 자재,497,발생부 Guide _ 블랙 
RM-000239,A,26.03월,242,Lock Inner
RM-000239,B,조립 자재,494,"Lock Inner _ 블랙
"
RM-000240,A,26.03월,243,Lock Knob
RM-000240,B,조립 자재,487,Lock Knob _ 블랙 샌딩
RM-000241,A,26.03월,244,Front_CAP
RM-000241,B,조립 자재,488,Front_CAP _ 메탈릭 다크 그레이 도색
RM-000242,A,26.03월,245,연장 Cone
RM-000242,B,조립 자재,489,연장 Cone  _ 메탈릭 다크 그레이 도색
RM-000243,A,26.03월,246,Hand Top Cover
RM-000243,B,조립 자재,294,HAND TOP COVER 사출 
RM-000244,A,26.03월,247,Slide Switch
RM-000244,B,조립 자재,492,Slide Switch _ SKY BLUE 무광 도색
RM-000245,A,26.03월,248,Slide Switch Cap
RM-000245,B,조립 자재,493,Slide Switch Cap _ 레드무광 도색
RM-000246,A,26.03월,249,Shot_Button
RM-000246,B,조립 자재,491,Short_Button _ 메탈릭 다크 그레이 도색
RM-000247,A,26.03월,250,Shot_PCB_Guide
RM-000247,B,조립 자재,298,SHOT PCB GUIDE 사출 
RM-000248,A,26.03월,251,Bat_Bottom_Cover
RM-000248,B,조립 자재,485,Bat_Bottom_Cover _ 블랙 샌딩
RM-000249,A,26.03월,252,Aiming_Light_LED_아크릴
RM-000249,B,조립 자재,499,Aiming_Light _LED 확산 아크릴
RM-000250,A,26.03월,253,LCD_Window
RM-000250,B,조립 자재,502,LCD_창 (PC / 투명 )
RM-000251,A,26.03월,254,LCD_LED_확산_아크릴
RM-000251,B,조립 자재,501,LCD_LED 확산 아크릴
RM-000252,A,26.03월,255,광센서_유색_창
RM-000252,B,조립 자재,503,광센서_유색_창 (PC/스모그/퍼플)
RM-000253,A,26.03월,256,BAT_LED_확산_아크릴
RM-000253,B,조립 자재,500,BAT_LED 확산 아크릴
RM-000254,A,26.03월,257,LCD 터치가스켓
RM-000254,B,조립 자재,507,LCD 터치 가스켓 ( 8x8x7mm)
RM-000255,A,26.03월,258,마운트
RM-000256,A,26.03월,259,BAT BOTTOM RUBBER
RM-000256,B,조립 자재,303,BAT BOTTOM RUBBER
RM-000257,A,26.03월,260,에이밍 바디 뭉치
RM-000258,A,26.03월,261,아크릴 은경
RM-000258,B,조립 자재,152,아크릴 은경
RM-000259,A,26.03월,262,에이밍 LED 보드
RM-000259,B,조립 자재,510,"LED PCB 방열 가이드 _ 블랙 
"
RM-000260,A,26.03월,263,LED PCB 방열 가이드
RM-000260,B,조립 자재,510,"LED PCB 방열 가이드 _ 블랙 
"
RM-000261,A,26.03월,264,CTR B/D
RM-000261,B,조립 자재,515,CTR _BD
RM-000262,A,26.03월,265,"4.8"" LCD BD"
RM-000262,B,조립 자재,112,"4.8"" LCD  BD"
RM-000263,A,26.03월,266,POWER BD
RM-000263,B,조립 자재,113,POWER BD
RM-000264,A,26.03월,267,EX B/D
RM-000264,B,조립 자재,35,EX BD (듀얼) - 왼쪽
RM-000265,A,26.03월,268,NAVI BD
RM-000265,B,조립 자재,114,NAVI BD
RM-000266,A,26.03월,269,NAVI BD 사파리
RM-000266,B,조립 자재,111,NAVI BD _ 사파리용
RM-000267,A,26.03월,270,Carrier BD (구형 KONTRON)
RM-000267,B,조립 자재,201,Carrier B/D (구형 KONTRON)
RM-000268,A,26.03월,271,Carrier BD (신형 DFI)
RM-000268,B,조립 자재,202,Carrier B/D (신형 DFI)
RM-000269,A,26.03월,272,Module BD (구형 KONTRON)
RM-000269,B,조립 자재,117,Module BD _ KONTRON
RM-000270,A,26.03월,273,Module BD (신형 DFI)
RM-000270,B,조립 자재,119,Module BD _ DFI
RM-000271,A,26.03월,274,USB 메모리 BD (구형 KONTRON)
RM-000271,B,조립 자재,120,USB 메모리 BD _ KONTRON
RM-000272,A,26.03월,275,USB 메모리 BD (신형 DFI)
RM-000272,B,조립 자재,121,USB 메모리 BD _ DFI
RM-000273,A,26.03월,276,"5"" LCD"
RM-000273,B,조립 자재,98,"5"" LCD 판넬 (SHARF)"
RM-000274,A,26.03월,277,"4.8"" LCD"
RM-000274,B,조립 자재,99,"4.8"" LCD 판넬 (SAMSUNG)"
RM-000275,A,26.03월,278,Embedded PC 전원 (2핀)
RM-000275,B,조립 자재,129,Embedded PC 전원 -2핀 (케리어+CTR B/D 연결)
RM-000276,A,26.03월,279,리모콘 및 관전류 (4핀)
RM-000276,B,조립 자재,127,리모콘 및 관전류 -4핀
RM-000277,A,26.03월,280,USB Wire (4핀)
RM-000277,B,조립 자재,132,USB Wire -4핀 하네스
RM-000278,A,26.03월,281,NAVIGATION KEY (6핀)
RM-000278,B,조립 자재,126,NAVIGATION KEY -6핀
RM-000279,A,26.03월,282,RS422 통신 및 PC 전원 on/off (7핀)
RM-000279,B,조립 자재,128,RS422 통신 및 PC 전원 on/off  -7핀
RM-000280,A,26.03월,283,전원 및 EXP Wire (8핀)
RM-000280,B,조립 자재,125,전원 및 EXP Wire  -8핀
RM-000281,A,26.03월,284,LCD Wire (LVDS) (30핀)
RM-000281,B,조립 자재,124,LCD Wire (LVDS) -30핀
RM-000282,A,26.03월,285,LCD TOP
RM-000282,B,조립 자재,76,LCD TOP COVER
RM-000283,A,26.03월,286,LCD BOTTOM
RM-000283,B,조립 자재,77,LCD BOTTOM COVER
RM-000284,A,26.03월,287,LCD GUIDE
RM-000284,B,조립 자재,5,LCD GUIDE
RM-000285,A,26.03월,288,TOP
RM-000286,A,26.03월,289,BOTTOM
RM-000287,A,26.03월,290,BATTERY COVER
RM-000287,B,조립 자재,94,BATTERY COVER
RM-000288,A,26.03월,291,USB COVER
RM-000288,B,조립 자재,95,USB COVER
RM-000289,A,26.03월,292,POWER LED GUIDE
RM-000289,B,조립 자재,81,POWER LED GUIDE
RM-000290,A,26.03월,293,EX LED GUIDE
RM-000290,B,조립 자재,85,EX LED GUIDE
RM-000291,A,26.03월,294,GUIDE
RM-000291,B,조립 자재,5,LCD GUIDE
RM-000292,A,26.03월,295,GUIDE 스프레이 X
RM-000293,A,26.03월,296,HINGE GUIDE
RM-000293,B,조립 자재,88,HINGE GUIDE
RM-000294,A,26.03월,297,POWER BUTTON
RM-000294,B,조립 자재,8,POWER BUTTON
RM-000295,A,26.03월,298,POWER BUTTON 스프레이 X
RM-000295,B,조립 자재,8,POWER BUTTON
RM-000296,A,26.03월,299,EXPOSE BUTTON
RM-000296,B,조립 자재,84,EXPOSE BUTTON
RM-000297,A,26.03월,300,EXPOSE BUTTON 스프레이 X
RM-000297,B,조립 자재,84,EXPOSE BUTTON
RM-000298,A,26.03월,301,NAVI BUTTON (가운데)
RM-000298,B,조립 자재,82,NAVI BUTTON (가운데)
RM-000299,A,26.03월,302,NAVI BUTTON 스프레이 X (가운데)
RM-000299,B,조립 자재,82,NAVI BUTTON (가운데)
RM-000300,A,26.03월,303,NAVI KEY (방향)
RM-000300,B,조립 자재,83,NAVI KEY (방향)
RM-000301,A,26.03월,304,NAVI KEY 사파리 (방향)
RM-000301,B,조립 자재,97,NAVI KEY(방향) _ 사파리용
RM-000302,A,26.03월,305,NAVI KEY 스프레이 X (방향)
RM-000302,B,조립 자재,83,NAVI KEY (방향)
RM-000303,A,26.03월,306,FRONT CONE 일체형
RM-000303,B,조립 자재,90,FRONT CONE 일체형
RM-000304,A,26.03월,307,FRONT CONE 체결형
RM-000304,B,조립 자재,91,FRONT CONE 체결형
RM-000305,A,26.03월,308,20cm CONE
RM-000305,B,조립 자재,19,20cm CONE  
RM-000306,A,26.03월,309,15cm CONE
RM-000306,B,조립 자재,21,15cm CONE 
RM-000307,A,26.03월,310,히팅 싱크 구형 (일본 사용)
RM-000307,B,조립 자재,103,히팅 싱크 구형 (일본 사용)
RM-000308,A,26.03월,311,히팅 싱크 신형
RM-000308,B,조립 자재,106,히팅 싱크 신형
RM-000309,A,26.03월,312,방열 팬 구형 (일본 사용)
RM-000309,B,조립 자재,104,방열 팬 구형 (일본 사용) [1204KL-01W-B10 5V 0.1A]
RM-000310,A,26.03월,313,방열 팬 신형
RM-000310,B,조립 자재,107,방열 팬 신형 [HBD0401005SEM 5V 0.15A]
RM-000311,A,26.03월,314,히팅 패드
RM-000311,B,조립 자재,105,히팅 패드
RM-000312,A,26.03월,315,큰 페라이트
RM-000312,B,조립 자재,122,큰 페라이트 CAT-1730-0730 
RM-000313,A,26.03월,316,작은 페라이트
RM-000313,B,조립 자재,123,작은 페라이트 ZCAT-1325-0530 
RM-000314,A,26.03월,317,TP-LINK (WAN1000M)-동글
RM-000314,B,조립 자재,101,TP-LINK (WAN1000M)-동글
RM-000315,A,26.03월,318,ip TIME 무선 랜카드 [N100UM]
RM-000315,B,조립 자재,102,ip TIME 무선 랜카드 [N100UM]
RM-000316,A,26.03월,319,ELECOM WIFI (10DR)
RM-000316,B,조립 자재,109,ELECOM WIFI (10DR) [WDC-150SU2M]
RM-000317,A,26.03월,320,USB 메모리
RM-000317,B,조립 자재,100,16GB USB 메모리
RM-000318,A,26.03월,321,Q 클립
RM-000319,A,26.03월,322,L 클립
RM-000320,A,26.03월,323,HAND GUIDE
RM-000320,B,조립 자재,86,HAND GUIDE
RM-000321,A,26.03월,324,HAND STRAP -손잡이(터치펜)(유럽용)
RM-000321,B,조립 자재,96,"HAND STRAP [AL(Cr도금), SUS Φ2.0]-손잡이(터치펜)"
RM-000322,A,26.03월,325,HAND STRAP -손잡이(터치펜)
RM-000322,B,조립 자재,96,"HAND STRAP [AL(Cr도금), SUS Φ2.0]-손잡이(터치펜)"
RM-000323,A,26.03월,326,CTR B/D
RM-000323,B,조립 자재,515,CTR _BD
RM-000324,A,26.03월,327,CON BD
RM-000324,C,고압,207,V2.0.1
RM-000325,A,26.03월,328,LCD B/D
RM-000325,B,조립 자재,38,LCD BD 
RM-000326,A,26.03월,329,ETC CARRIER BD
RM-000326,B,조립 자재,198,ETC CARRIER BD (IEC-1000)
RM-000327,A,26.03월,330,ETC FRONT BD
RM-000327,B,조립 자재,177,ETC FRONT BD  (리모콘 포트 수정 신형 얇은것)
RM-000328,A,26.03월,331,Power Switch B/D
RM-000328,B,조립 자재,203,Power Switch B/D
RM-000329,A,26.03월,332,EX B/D
RM-000329,B,조립 자재,35,EX BD (듀얼) - 왼쪽
RM-000330,A,26.03월,333,관전류 B/D
RM-000330,B,조립 자재,208,관전류 B/D
RM-000331,A,26.03월,334,Battery Bridge B/D
RM-000331,B,조립 자재,206,Battery Bridge B/D
RM-000332,A,26.03월,335,Battery Connect B/D
RM-000332,B,조립 자재,207,Battery Connect B/D
RM-000333,A,26.03월,336,Cradle B/D
RM-000333,B,조립 자재,210,Cradle B/D
RM-000334,A,26.03월,337,스피커 2핀
RM-000334,B,조립 자재,130,"12505HS-02+SORDER 200mm 스피커 2핀 
(하네스 4-1번) "
RM-000335,A,26.03월,338,하네스 1번
RM-000335,B,조립 자재,212,"CTR, CURRENT, FRONT, PC BD연결 _ 하네스 1번
 [ 12505HS-06, 12505HS-04, 12505HS-03, 12505HS-02 (250mm, 140mm, 200mm) ] "
RM-000336,A,26.03월,339,하네스 2번
RM-000336,B,조립 자재,214,"PC, FRONT BD 연결 _  하네스 2번
[ 12505HS-04, USB-105 (70mm) ]"
RM-000337,A,26.03월,340,하네스 3번
RM-000337,B,조립 자재,215,"Power&Exp Connector Wire Harness 12pin [170mm,70mm] (하네스 3번)"
RM-000338,A,26.03월,341,하네스 5번
RM-000338,B,조립 자재,216,컬리메이터 LED Wire Harness 2pin [300mm] (하네스 5번)
RM-000339,A,26.03월,342,하네스 6번
RM-000339,B,조립 자재,217,PC 전원 케이블 [ SMH250-02 (130mm) ] _ 하네스 6번
RM-000340,A,26.03월,343,하네스 7번
RM-000340,B,조립 자재,218,"DF19G-20S-1C(0.5) (2EA) (160mm) (ADX6000s용)
LVDS 케이블 (하네스 7번)"
RM-000341,A,26.03월,344,하네스 9-1번
RM-000341,B,조립 자재,220,"Carrier Mini BD 케이블 _ 하네스 9-1번  
 [ 12505HS-03 (100mm) ]"
RM-000342,A,26.03월,345,하네스 10번
RM-000342,B,조립 자재,221,"PC, CTR BD 연결 _ 하네스 10번 
[ CHW0640-03, 1205HS-03 (130mm) ]"
RM-000343,A,26.03월,346,하네스 11번
RM-000343,B,조립 자재,222,"Battery BD 02 Wire Harness [4pin,2pin,Dual] [90mm,80mm] 탈착, 외부 BAT BD 연결 (하네스 11번)"
RM-000344,A,26.03월,347,하네스 14번
RM-000344,B,조립 자재,224,40pin FFC Cable (50mm) _ 하네스 14번
RM-000345,A,26.03월,348,Battery BD 01 Wire Harness (2핀)
RM-000345,B,조립 자재,225,Battery BD 01 Wire Harness 2pin [80mm]
RM-000346,A,26.03월,349,"4.3"" LCD (신형)"
RM-000346,B,조립 자재,193,"4.3"" LCD 판넬 (IEC-266 & IEC-1000 공용)"
RM-000347,A,26.03월,350,"4.3"" Module (신형)"
RM-000347,B,조립 자재,195,"4.3"" Module (IEC-1000 신형)"
RM-000348,A,26.03월,351,컬리메이터 TOP 사출
RM-000348,B,조립 자재,146,컬리메이터 TOP 사출
RM-000349,A,26.03월,352,컬리메이터 BOTTOM 사출
RM-000349,B,조립 자재,147,컬리메이터 Bottom 사출
RM-000350,A,26.03월,353,컬리메이터 FRONT 사출
RM-000350,B,조립 자재,154,컬리메이터 FRONT 사출
RM-000351,A,26.03월,354,컬리메이터 FRONT 사출
RM-000351,B,조립 자재,154,컬리메이터 FRONT 사출
RM-000352,A,26.03월,355,일체형 컬리메이터
RM-000353,A,26.03월,356,LCD Cover 사출
RM-000353,B,조립 자재,160,LCD Cover 사출 (white)
RM-000354,A,26.03월,357,LCD Inner Cover 사출
RM-000354,B,조립 자재,161,LCD Inner Cover 사출 
RM-000355,A,26.03월,358,LCD 힌지 사출 커버 TOP
RM-000355,B,조립 자재,162,LCD 힌지 사출 커버 TOP
RM-000356,A,26.03월,359,LCD 힌지 사출 커버 BOTTOM
RM-000356,B,조립 자재,163,LCD 힌지 사출 커버 BOTTOM
RM-000357,A,26.03월,360,LCD 사출 나사 커버
RM-000357,B,조립 자재,183,LCD 사출 나사 커버
RM-000358,A,26.03월,361,Main PC 거치대 사출
RM-000358,B,조립 자재,174,Main PC 거치대 사출
RM-000359,A,26.03월,362,BODY LEFT 사출
RM-000359,B,조립 자재,169,BODY LEFT 사출
RM-000360,A,26.03월,363,BODY LEFT 사출 배터리 커버
RM-000360,B,조립 자재,170,BODY LEFT 사출 배터리 커버
RM-000361,A,26.03월,364,BODY RIGHT 사출
RM-000361,B,조립 자재,181,BODY RIGHT 사출
RM-000362,A,26.03월,365,HANDLE LEFT 사출
RM-000362,B,조립 자재,184,HANDLE LEFT 사출
RM-000363,A,26.03월,366,HANDLE RIGHT 사출
RM-000363,B,조립 자재,182,HANDLE RIGHT 사출
RM-000364,A,26.03월,367,CRADLE TOP 사출
RM-000364,B,조립 자재,305,CRADLE BODY 사출
RM-000365,A,26.03월,368,CRADLE BOTTOM 사출
RM-000365,B,조립 자재,306,CRADLE BOTTOM 사출 
RM-000366,A,26.03월,369,CRADLE LED Guide 사출
RM-000366,B,조립 자재,188,크래들 LED Guide 사출
RM-000367,A,26.03월,370,리모콘 포트 가이드
RM-000367,B,조립 자재,178,리모콘 포트 가이드 
RM-000368,A,26.03월,371,Power Button 사출
RM-000368,B,조립 자재,172,Power Button 사출
RM-000369,A,26.03월,372,Black Deco Guide
RM-000369,B,조립 자재,171,Black Deco Guide
RM-000370,A,26.03월,373,EX Button 사출
RM-000370,B,조립 자재,185,EX Button 사출
RM-000371,A,26.03월,374,LCD 아크릴 가이드
RM-000371,B,조립 자재,166,LCD 아크릴 가이드 
RM-000372,A,26.03월,375,아크릴 투명 십자 panel
RM-000372,B,조립 자재,67,아크릴 투명 십자 Panel (66 x 66 mm)
RM-000373,A,26.03월,376,LCD HINGE
RM-000373,B,조립 자재,164,LCD HINGE
RM-000374,A,26.03월,377,Base Block
RM-000374,B,조립 자재,155,Base Block
RM-000375,A,26.03월,378,Bottom Block
RM-000376,A,26.03월,379,알루미늄 브라켓 6 hole
RM-000376,B,조립 자재,190,알루미늄 브라켓 6 hole
RM-000377,A,26.03월,380,CRADLE FOOT RUBBER
RM-000377,B,조립 자재,311,CRADLE FOOT RUBBER
RM-000378,A,26.03월,381,손잡이 핀
RM-000378,B,조립 자재,175,손잡이 핀
RM-000379,A,26.03월,382,중간 페라이트 코어
RM-000379,B,조립 자재,189,페라이트 코어 [ZCAT 1518-0730]
RM-000380,A,26.03월,383,LCD 배젤 스티커
RM-000380,B,조립 자재,167,LCD 배젤 스티커 
RM-000381,A,26.03월,384,Front Port Sticker
RM-000381,B,조립 자재,179,"Front Port Sticker 
(리모콘 포트 수정 신형)"
RM-000382,A,26.03월,385,LCD 힌지 가죽 커버
RM-000382,B,조립 자재,165,LCD 힌지 가죽 커버
RM-000383,A,26.03월,386,가죽 손잡이 (탈착배터리 터치펜 X)
RM-000383,B,조립 자재,191,가죽 손잡이 탈착배터리용 터치펜 O
RM-000384,A,26.03월,387,자석
RM-000385,A,26.03월,388,기본 배터리
RM-000385,B,조립 자재,377,"배터리 [PF435060HP]_DX3000,ADX4000W공용"
RM-000386,A,26.03월,389,내부 배터리
RM-000386,B,조립 자재,377,"배터리 [PF435060HP]_DX3000,ADX4000W공용"
RM-000387,A,26.03월,390,내부 배터리
RM-000387,B,조립 자재,304,내부 배터리 [PF605060HP]
RM-000388,A,26.03월,391,외부 배터리
RM-000388,B,조립 자재,304,내부 배터리 [PF605060HP]
RM-000389,A,26.03월,392,소형 외부배터리
RM-000389,B,조립 자재,379,소형 외부배터리 [PF435060HP]
RM-000390,A,26.03월,393,기본 배터리
RM-000391,A,26.03월,394,외부 배터리
RM-000391,B,조립 자재,379,소형 외부배터리 [PF435060HP]
RM-000392,A,26.03월,395,2구 AC코드 C타입
RM-000392,B,조립 자재,383,2구 AC코드 _ C 타입 [ 220V ]
RM-000393,A,26.03월,396,2구 AC코드 A타입
RM-000393,B,조립 자재,384,2구 AC코드 _ A 타입 [ 110V ]-일본향
RM-000394,A,26.03월,397,3구 접지 AC 코드
RM-000394,B,조립 자재,388,3구 접지 AC 코드_ F 타입 [ 220V 유럽용 ]
RM-000395,A,26.03월,398,3구 접지 AC 코드 A타입
RM-000395,B,조립 자재,389,3구 접지 AC코드 _ A 타입 [ 110V ]
RM-000396,A,26.03월,399,3구 접지 AC코드 B타입
RM-000396,B,조립 자재,385,3구 접지 AC 코드_ B 타입 [ 미국용 ]
RM-000397,A,26.03월,400,3구 접지 AC코드 I타입
RM-000397,B,조립 자재,386,"3구 접지 AC 코드_ I 타입 [ 호주,중국 공용 ]"
RM-000398,A,26.03월,401,3구 접지 AC코드 G타입
RM-000398,B,조립 자재,387,3구 접지 AC 코드_ G 타입 [ 영국용 ]
RM-000399,A,26.03월,402,2구 충전기
RM-000399,B,조립 자재,380,2구 충전기 [JBL910A1602K00]-220V
RM-000400,A,26.03월,403,3구 충전기
RM-000400,B,조립 자재,381,"3구 충전기 [미국,호주 공용]"
RM-000401,A,26.03월,404,20.7V 1.7A 충전기
RM-000402,A,26.03월,405,25.2V 1.7A 충전기
RM-000403,A,26.03월,406,15V 1.0A 충전기
RM-000403,B,조립 자재,380,2구 충전기 [JBL910A1602K00]-220V
RM-000404,A,26.03월,407,15V 1.0A 충전기
RM-000404,B,조립 자재,384,2구 AC코드 _ A 타입 [ 110V ]-일본향
RM-000405,A,26.03월,408,외부배터리 충전용 잭
RM-000405,B,조립 자재,420,변환 젠더 _ 외부배터리 충전용(공용)
RM-000406,A,26.03월,409,거치대
RM-000406,B,조립 자재,390,거치대 [ D-910 ]
RM-000407,A,26.03월,410,외부 배터리 와이어 케이블
RM-000408,A,26.03월,411,USB 2.0 CABLE
RM-000408,B,조립 자재,419,USB2.0 CABLE [PMM369-0200]-3M
RM-000409,A,26.03월,412,USB 2.0 CABLE
RM-000409,B,조립 자재,419,USB2.0 CABLE [PMM369-0200]-3M
RM-000410,A,26.03월,413,USB 2.0 CABLE
RM-000410,B,조립 자재,419,USB2.0 CABLE [PMM369-0200]-3M
RM-000411,A,26.03월,414,PC Link Cable
RM-000411,B,조립 자재,426,PC Link Cable
RM-000412,A,26.03월,415,외부 배터리 쪽 보드
RM-000412,B,조립 자재,222,"Battery BD 02 Wire Harness [4pin,2pin,Dual] [90mm,80mm] 탈착, 외부 BAT BD 연결 (하네스 11번)"
RM-000413,A,26.03월,416,가방+내부 FOAM(계란판)
RM-000413,B,조립 자재,448,가방+내부FOAM(계란판)  공용
RM-000414,A,26.03월,417,가방+내장재 X
RM-000415,A,26.03월,418,가방(로고 없는것)+내부 FOAM(계란판)
RM-000415,B,조립 자재,451,가방(로고 없는것 )+내부FOAM(계란판)
RM-000416,A,26.03월,419,가방(로고 없는것)+내장재 X
RM-000416,B,조립 자재,451,가방(로고 없는것 )+내부FOAM(계란판)
RM-000417,A,26.03월,420,가방+내부FOAM(계란판)_공용
RM-000417,B,조립 자재,448,가방+내부FOAM(계란판)  공용
RM-000418,A,26.03월,421,가방(로고 없는것)+내부 FOAM(계란판)
RM-000418,B,조립 자재,451,가방(로고 없는것 )+내부FOAM(계란판)
RM-000419,A,26.03월,422,가방(로고 없는것)+내장재 X
RM-000419,B,조립 자재,451,가방(로고 없는것 )+내부FOAM(계란판)
RM-000420,A,26.03월,423,가방+내부FOAM(계란판)_공용
RM-000420,B,조립 자재,448,가방+내부FOAM(계란판)  공용
RM-000421,A,26.03월,424,가방 (뱅가드)
RM-000422,A,26.03월,425,FDXD-810 센서 가방 (뱅가드)
RM-000423,A,26.03월,426,계란판
RM-000424,A,26.03월,427,계란판
RM-000425,A,26.03월,428,가방 내부 폼
RM-000425,B,조립 자재,21,15cm CONE 
RM-000426,A,26.03월,429,가방 내부 폼
RM-000426,B,조립 자재,455,"DX3000 _ [20cm cone용] 내부 FOAM (상판 ,하판,계란판)"
RM-000427,A,26.03월,430,가방 내부 폼
RM-000427,B,조립 자재,21,15cm CONE 
RM-000428,A,26.03월,431,가방 내부 폼
RM-000428,B,조립 자재,457,"ADX4000W _ [20cm cone용] 내부 FOAM (상판 ,하판,계란판)"
RM-000429,A,26.03월,432,가방 내부 폼 상판
RM-000429,B,조립 자재,458,"COCOON _ [18cm cone용] 내부 FOAM (상판 ,하판,계란판)"
RM-000430,A,26.03월,433,가방 내부 폼 하판
RM-000430,B,조립 자재,458,"COCOON _ [18cm cone용] 내부 FOAM (상판 ,하판,계란판)"
RM-000431,A,26.03월,434,가방 내부 폼 상판
RM-000431,B,조립 자재,455,"DX3000 _ [20cm cone용] 내부 FOAM (상판 ,하판,계란판)"
RM-000432,A,26.03월,435,가방 내부 폼 하판
RM-000432,B,조립 자재,455,"DX3000 _ [20cm cone용] 내부 FOAM (상판 ,하판,계란판)"
RM-000433,A,26.03월,436,가방 내부 폼 상판 (신형)
RM-000433,B,조립 자재,454,"DX3000 _ [15cm cone용] 내부 FOAM (상판 ,하판,계란판)"
RM-000434,A,26.03월,437,가방 내부 폼 중간판 (신형)
RM-000435,A,26.03월,438,가방 내부 폼 하판 (신형)
RM-000435,B,조립 자재,454,"DX3000 _ [15cm cone용] 내부 FOAM (상판 ,하판,계란판)"
RM-000436,A,26.03월,439,가방 내장재
RM-000437,A,26.03월,440,가방 내장재
RM-000438,A,26.03월,441,가방 내장재
RM-000439,A,26.03월,442,센서 내장재 상단
RM-000440,A,26.03월,443,센서 내장재 중간
RM-000441,A,26.03월,444,센서 내장재 하단
RM-000441,B,조립 자재,397,"ADX6000_연아크릴 [직사각형 215*195mm] - 8T
_하단 가공된 것"
RM-000442,A,26.03월,445,"체스트 & 베드 스탠드 박스 내장재 상, 하판"
RM-000442,B,조립 자재,269,"체스트 & 베드 스탠드 박스 내장재 상, 하판 [230 * 130 * 30T]"
RM-000443,A,26.03월,446,"체스트 & 베드 스탠드 박스 내장재 좌, 우판"
RM-000443,B,조립 자재,270,"체스트 & 베드 스탠드 박스 내장재 좌, 우판 [130 * 980 * 30T]"
RM-000444,A,26.03월,447,"체스트 & 베드 스탠드 박스 내장재 전, 후판"
RM-000444,B,조립 자재,271,"체스트 & 베드 스탠드 박스 내장재 전, 후판 [230 * 920 * 30T]"
RM-000445,A,26.03월,448,카톤 박스
RM-000445,B,조립 자재,463,SOLO _ 카톤 박스 Forensic용 [550*400*330]
RM-000446,A,26.03월,449,영문 박스
RM-000446,B,조립 자재,467,"DX3000,ADX4000W _ 제품 박스 [450*240*360] 공용"
RM-000447,A,26.03월,450,카톤 박스
RM-000447,B,조립 자재,471,COCOON _ 카톤 박스 [500*460*520]
RM-000448,A,26.03월,451,영문 박스
RM-000448,B,조립 자재,468,COCOON _ 제품 박스 [450*240*490]
RM-000449,A,26.03월,452,제품박스(I/N BOX)
RM-000449,B,조립 자재,465,SOLO _ 제품 박스 [420*400*180]
RM-000450,A,26.03월,453,카톤박스(C/T BOX)
RM-000450,B,조립 자재,466,SOLO _ 카톤 박스 [440*390*420]
RM-000451,A,26.03월,454,카톤 박스
RM-000451,B,조립 자재,463,SOLO _ 카톤 박스 Forensic용 [550*400*330]
RM-000452,A,26.03월,455,카톤 박스
RM-000452,B,조립 자재,463,SOLO _ 카톤 박스 Forensic용 [550*400*330]
RM-000453,A,26.03월,456,제품 박스
RM-000453,B,조립 자재,462,SOLO _ 제품 박스 Forensic용 [530*300*190]
RM-000454,A,26.03월,457,저가 제품 박스 (小)
RM-000454,B,조립 자재,473,저가 제품 박스(小)
RM-000455,A,26.03월,458,무지 박스 1개
RM-000455,B,조립 자재,467,"DX3000,ADX4000W _ 제품 박스 [450*240*360] 공용"
RM-000456,A,26.03월,459,무지 박스 2개
RM-000456,B,조립 자재,380,2구 충전기 [JBL910A1602K00]-220V
RM-000457,A,26.03월,460,무지 박스 4개
RM-000458,A,26.03월,461,무지 박스 6개
RM-000458,B,조립 자재,272,체스트 & 베드 스탠드 박스 [1000 * 300 * 160]
RM-000459,A,26.03월,462,Rex 구강 카메라 박스
RM-000459,B,조립 자재,431,i cam 구강 카메라 박스
RM-000460,A,26.03월,463,Rex2 센서 박스
RM-000460,B,조립 자재,432,REX2 센서박스
RM-000461,A,26.03월,464,ADX6000 센서 무지 박스
RM-000461,B,조립 자재,469,ADX6000s _ 제품 박스 [450*240*490]
RM-000462,A,26.03월,465,체스트 & 베드 스탠드 박스
RM-000462,B,조립 자재,272,체스트 & 베드 스탠드 박스 [1000 * 300 * 160]
RM-000463,A,26.03월,466,"제품박스 상, 하 스티로폼"
RM-000463,B,조립 자재,131,사파리용 NAVI FFC [UL2896-0.5mm*16P*80mm*C]
RM-000464,A,26.03월,467,제품박스 좁은 스티로폼
RM-000465,A,26.03월,468,제품박스 넒은 스티로폼
RM-000466,A,26.03월,469,"DR Tech 센서 상, 하 스티로폼"
RM-000466,B,조립 자재,434,330N DRTECH 센서
RM-000467,A,26.03월,470,내부폼 (가교 PAD) SET
RM-000468,A,26.03월,471,에어셀 TOP
RM-000468,B,조립 자재,476,DX3000 에어셀_TOP (JD010211-02)
RM-000469,A,26.03월,472,에어셀 BOTTOM
RM-000469,B,조립 자재,477,DX3000 에어셀_BOTTOM (JD010212-02)
RM-000470,A,26.03월,473,에어셀 TOP
RM-000470,B,조립 자재,478,COCOON 에어셀_TOP (JD010311-01)
RM-000471,A,26.03월,474,에어셀 BOTTOM
RM-000471,B,조립 자재,479,COCOON 에어셀_BOTTOM (JD010312-01)
RM-000472,A,26.03월,475,저가 박스 에어셀 Main
RM-000472,B,조립 자재,474,저가 박스 에어셀_Main (JD010411-01)
RM-000473,A,26.03월,476,저가 박스 에어셀 ACC
RM-000473,B,조립 자재,475,저가 박스 에어셀_ACC (JD010412-01)
RM-000474,A,26.03월,477,넥스트 랩
RM-000474,B,조립 자재,415,넥스트랩(포켓)
RM-000475,A,26.03월,478,넥스트 랩
RM-000475,B,조립 자재,415,넥스트랩(포켓)
RM-000476,A,26.03월,479,넥스트 랩
RM-000476,B,조립 자재,415,넥스트랩(포켓)
RM-000477,A,26.03월,480,제품 어깨끈
RM-000478,A,26.03월,481,가방끈
RM-000478,B,조립 자재,52,15cm 사출 ASS'Y - 일본용 
RM-000479,A,26.03월,482,DX3000 핸드 스트랩
RM-000479,B,조립 자재,3,DX3000
RM-000480,A,26.03월,483,연아크릴 쉴드 8T
RM-000480,B,조립 자재,392,연아크릴 [65∮] - 8T
RM-000481,A,26.03월,484,연아크릴 쉴드 8T
RM-000481,B,조립 자재,392,연아크릴 [65∮] - 8T
RM-000482,A,26.03월,485,연아크릴 쉴드 12T
RM-000482,B,조립 자재,395,연아크릴 [65∮] - 12T (선일 쉴드텍 - 일본만 사용)
RM-000483,A,26.03월,486,연아크릴 쉴드 12T
RM-000483,B,조립 자재,395,연아크릴 [65∮] - 12T (선일 쉴드텍 - 일본만 사용)
RM-000484,A,26.03월,487,연아크릴 쉴드 12T
RM-000484,B,조립 자재,395,연아크릴 [65∮] - 12T (선일 쉴드텍 - 일본만 사용)
RM-000485,A,26.03월,488,연아크릴 쉴드 12T
RM-000485,B,조립 자재,395,연아크릴 [65∮] - 12T (선일 쉴드텍 - 일본만 사용)
RM-000486,A,26.03월,489,사각 연아크릴 쉴드
RM-000486,B,조립 자재,397,"ADX6000_연아크릴 [직사각형 215*195mm] - 8T
_하단 가공된 것"
RM-000487,A,26.03월,490,사각 연아크릴 쉴드
RM-000487,B,조립 자재,397,"ADX6000_연아크릴 [직사각형 215*195mm] - 8T
_하단 가공된 것"
RM-000488,A,26.03월,491,사각 연아크릴 쉴드
RM-000488,B,조립 자재,397,"ADX6000_연아크릴 [직사각형 215*195mm] - 8T
_하단 가공된 것"
RM-000489,A,26.03월,492,연아크릴 실리콘 오링
RM-000489,B,조립 자재,401,DX3000용 연아크릴 실리콘 오링 3030
RM-000490,A,26.03월,493,연아크릴 실리콘 오링
RM-000490,B,조립 자재,401,DX3000용 연아크릴 실리콘 오링 3030
RM-000491,A,26.03월,494,연아크릴 실리콘 오링
RM-000491,B,조립 자재,401,DX3000용 연아크릴 실리콘 오링 3030
RM-000492,A,26.03월,495,IRay D3 NAME PLATE
RM-000492,B,조립 자재,409,iRay D3 NAME PLATE
RM-000493,A,26.03월,496,NAME PLATE
RM-000493,B,조립 자재,408,DX3000 NAME PLATE
RM-000494,A,26.03월,497,우루과이 NAME PLATE
RM-000494,B,조립 자재,408,DX3000 NAME PLATE
RM-000495,A,26.03월,498,NAME PLATE
RM-000495,B,조립 자재,408,DX3000 NAME PLATE
RM-000496,A,26.03월,499,ADX6000 NAME PLATE
RM-000496,B,조립 자재,422,ADX6000 name plate
RM-000497,A,26.03월,500,IRay A6 NAME PLATE
RM-000497,B,조립 자재,423,IRay A6 name plate
RM-000498,A,26.03월,501,IRay A6S NAME PLATE
RM-000498,B,조립 자재,409,iRay D3 NAME PLATE
RM-000499,A,26.03월,502,DEXCOWIN NAME PLATE
RM-000499,B,조립 자재,408,DX3000 NAME PLATE
RM-000500,A,26.03월,503,DEXCOWIN NAME PLATE
RM-000500,B,조립 자재,408,DX3000 NAME PLATE
RM-000501,A,26.03월,504,SUS PLATE
RM-000502,A,26.03월,505,DEXCOWIN NAME PLATE
RM-000502,B,조립 자재,408,DX3000 NAME PLATE
RM-000503,A,26.03월,506,DEXCOWIN NAME PLATE
RM-000503,B,조립 자재,408,DX3000 NAME PLATE
RM-000504,A,26.03월,507,손잡이 에폭시 스티커
RM-000505,A,26.03월,508,패드
RM-000506,A,26.03월,509,구강 카메라
RM-000506,B,조립 자재,431,i cam 구강 카메라 박스
RM-000507,A,26.03월,510,330N 센서 케이스
RM-000507,B,조립 자재,434,330N DRTECH 센서
RM-000508,A,26.03월,511,17*17 DRTECH 센서
RM-000508,B,조립 자재,434,330N DRTECH 센서
RM-000509,A,26.03월,512,330N DRTECH 센서
RM-000509,B,조립 자재,434,330N DRTECH 센서
RM-000510,A,26.03월,513,810 DRTECH 센서
RM-000510,B,조립 자재,434,330N DRTECH 센서
RM-000511,A,26.03월,514,HDI 1000 [Rex2 Classic/1.5]
RM-000511,B,조립 자재,437,HDI 2000 [Rex2 Premium/1.5]
RM-000512,A,26.03월,515,HDI 2000 [Rex2 Premium/1.5]
RM-000512,B,조립 자재,437,HDI 2000 [Rex2 Premium/1.5]
RM-000513,A,26.03월,516,HDI 2000 [Rex2 Premium/2.0]
RM-000513,B,조립 자재,438,HDI 2000 [Rex2 Premium/2.0]
RM-000514,A,26.03월,517,HDI-S [Rex2 Premium/1.0]
RM-000514,B,조립 자재,439,HDI-S [Rex2 Premium/1.0]
RM-000515,A,26.03월,518,HDI-S [Rex2 Premium/1.5]
RM-000515,B,조립 자재,440,HDI-S [Rex2 Premium/1.5]
RM-000516,A,26.03월,519,HDI-S [Rex2 Premium/2.0]
RM-000516,B,조립 자재,441,HDI-S [Rex2 Premium/2.0]
RM-000517,A,26.03월,520,CMOS 센서 (#1)
RM-000517,B,조립 자재,442,CMOS 센서-EV71JU215A-C-00B1(#1)
RM-000518,A,26.03월,521,CMOS 센서 (#2)
RM-000518,B,조립 자재,443,CMOS 센서-EV71JU213A-C-00B1(#2)
RM-000519,A,26.03월,522,SCREW CAP
RM-000519,B,조립 자재,404,SCREW CAP
RM-000520,A,26.03월,523,Cradle RUBBER
RM-000520,B,조립 자재,311,CRADLE FOOT RUBBER
RM-000521,A,26.03월,524,볼트마개
RM-000522,A,26.03월,525,CD 케이스
RM-000522,B,조립 자재,280,TOP BODY 사출 (cocoon로고 없음)
RM-000523,A,26.03월,526,공 CD
RM-000524,A,26.03월,527,터치 팬
RM-000524,B,조립 자재,414,터치 팬
RM-000525,A,26.03월,528,틸트 암 부쉬
RM-000526,A,26.03월,529,스탠드 부속품 (바-부쉬)
RM-000527,A,26.03월,530,스탠드 부속품 (바-부쉬링)
RM-000528,A,26.03월,531,스탠드 브라켓(암연결용)
RM-000528,B,조립 자재,253,국내용 스탠드 브라켓 1. BLOCK
RM-000529,A,26.03월,532,스탠드 브라켓(제품용)
RM-000529,B,조립 자재,253,국내용 스탠드 브라켓 1. BLOCK
RM-000530,A,26.03월,533,스탠드홀드
RM-000530,B,조립 자재,274,스탠드 홀드 (메탈)
RM-000531,A,26.03월,534,스탠드홀드
RM-000531,B,조립 자재,274,스탠드 홀드 (메탈)
RM-000532,A,26.03월,535,스탠드홀드(신형)
RM-000532,B,조립 자재,276,스탠드 홀드 브라켓 (흰색)
RM-000533,A,26.03월,536,배터리 거치대 사출 SETS
RM-000533,B,조립 자재,151,컬리메이터 Mirror 거치대 사출
RM-000534,A,26.03월,537,배터리 거치대용 신주핀
RM-000535,A,26.03월,538,스탠드 브라켓 조인트 셋트
RM-000535,B,조립 자재,262,스탠드 브라켓 조인트 셋트 (브라켓 1~9)
RM-000536,A,26.03월,539,스탠드 브라켓 족의학용
RM-000536,B,조립 자재,253,국내용 스탠드 브라켓 1. BLOCK
RM-000537,A,26.03월,540,국내용 스탠드 브라켓 1. BLOCK
RM-000537,B,조립 자재,253,국내용 스탠드 브라켓 1. BLOCK
RM-000538,A,26.03월,541,국내용 스탠드 브라켓 2. ARM
RM-000538,B,조립 자재,254,국내용 스탠드 브라켓 2. ARM
RM-000539,A,26.03월,542,국내용 스탠드 브라켓 3. TILT BODY
RM-000539,B,조립 자재,255,국내용 스탠드 브라켓 3. TILT BODY
RM-000540,A,26.03월,543,국내용 스탠드 브라켓 4. BASE
RM-000540,B,조립 자재,256,국내용 스탠드 브라켓 4. BASE
RM-000541,A,26.03월,544,국내용 스탠드 브라켓 5. SHAFT
RM-000541,B,조립 자재,257,국내용 스탠드 브라켓 5. SHAFT
RM-000542,A,26.03월,545,국내용 스탠드 브라켓 6. PUSH PLATE
RM-000542,B,조립 자재,258,국내용 스탠드 브라켓 6. PUSH PLATE
RM-000543,A,26.03월,546,국내용 스탠드 브라켓 7. EASY LOCK PLATE
RM-000543,B,조립 자재,259,국내용 스탠드 브라켓 7. EASY LOCK PLATE
RM-000544,A,26.03월,547,국내용 스탠드 브라켓 8. MOUNT
RM-000544,B,조립 자재,260,국내용 스탠드 브라켓 8. MOUNT
RM-000545,A,26.03월,548,국내용 스탠드 브라켓 9. 조임 손잡이
RM-000545,B,조립 자재,261,국내용 스탠드 브라켓 9. 조임 손잡이
RM-000546,A,26.03월,549,전자 각도기
RM-000546,B,조립 자재,428,전자 각도기
RM-000547,A,26.03월,550,각도기 거치대
RM-000547,B,조립 자재,429,각도기 거치대
RM-000548,A,26.03월,551,각도기 내부 철판
RM-000548,B,조립 자재,430,각도기 내부 철판
RM-000549,A,26.03월,552,각도기 홀더
RM-000550,A,26.03월,553,사각 줄자 가이드
RM-000550,B,조립 자재,425,사각 줄자 가이드
RM-000551,A,26.03월,554,AlmyT STAND BODY SET
RM-000552,A,26.03월,555,AlmyT STAND ACC SET
RM-000552,B,조립 자재,264,AllMyT Stand Arm 및 Accessory
RM-000553,A,26.03월,556,체스트 & 베드 스탠드
RM-000553,B,조립 자재,269,"체스트 & 베드 스탠드 박스 내장재 상, 하판 [230 * 130 * 30T]"
RM-000554,A,26.03월,557,체스트 & 베드 암 파이프
RM-000554,B,조립 자재,265,체스트 & 베드 STAND
RM-000555,A,26.03월,558,체스트 & 베드 조인트 암
RM-000555,B,조립 자재,265,체스트 & 베드 STAND
RM-000556,A,26.03월,559,"체스트 & 베드 픽스 블럭 A, B (육각 렌치 3, 5)"
RM-000556,B,조립 자재,265,체스트 & 베드 STAND
RM-000557,A,26.03월,560,접이식 스탠드 SET
RM-000557,B,조립 자재,273,접이식 정형외과용 스탠드 세트
RM-000558,A,26.03월,561,REMOTE CONTROL
RM-000558,B,조립 자재,421,REMOTE CONTROL [RW20]- 3M
RM-000559,A,26.03월,562,FOOT SWITCH
RM-000560,A,26.03월,563,리드스위치
RM-000561,A,26.03월,564,쉴드 오링
RM-000561,B,조립 자재,399,실드 오링[60∮] _ AN-036
RM-000562,A,26.03월,565,OS라이센서 라벨
RM-000562,B,조립 자재,413,OS라이센서 라벨
RM-000563,A,26.03월,566,실리콘 캡
RM-000563,B,조립 자재,371,크래들 실리콘 커버
RM-000564,A,26.03월,568,Battery Pack
RM-000565,A,26.03월,569,Battery Case
RM-000566,A,26.03월,570,배터리 내부 단자
RM-000566,B,조립 자재,304,내부 배터리 [PF605060HP]
RM-000567,A,26.03월,571,고압베어 B/D
RM-000567,C,고압,55,고압베어B/D
RM-000568,A,26.03월,572,8핀 B/D
RM-000568,C,고압,65,8핀 BD
RM-000569,A,26.03월,573,고압 다이오드
RM-000569,C,고압,9,"고압다이오드 2CL77 [20KV, 5mA]"
RM-000570,A,26.03월,574,고압용 칩 세라믹 콘덴서
RM-000571,A,26.03월,575,세라믹 튜브 하우징 파이프
RM-000571,C,고압,102,70KV 튜브 하우징용 파이프
RM-000572,A,26.03월,576,내부 케이스
RM-000573,A,26.03월,577,고압 격벽
RM-000574,A,26.03월,578,에이밍 필터
RM-000574,B,조립 자재,321,알루미늄 필터 [ 0.5T * Φ63 ]
RM-000575,A,26.03월,579,CTR B/D (ST용)
RM-000575,B,조립 자재,515,CTR _BD
RM-000576,A,26.03월,580,CTR B/D (구형)
RM-000576,B,조립 자재,515,CTR _BD
RM-000577,A,26.03월,581,OLED PANEL
RM-000577,B,조립 자재,277,OLED PANEL
RM-000578,A,26.03월,582,OLED GUIDE
RM-000578,B,조립 자재,278,OLED GUIDE 사출 
RM-000579,A,26.03월,583,EX B/D (원버턴)
RM-000579,B,조립 자재,37,EX BD (원버턴) - 사파리
RM-000580,A,26.03월,584,FFC 10핀
RM-000581,A,26.03월,585,하네스 3-1번
RM-000581,B,조립 자재,224,40pin FFC Cable (50mm) _ 하네스 14번
RM-000582,A,26.03월,586,하네스 12번
RM-000582,B,조립 자재,221,"PC, CTR BD 연결 _ 하네스 10번 
[ CHW0640-03, 1205HS-03 (130mm) ]"
RM-000583,A,26.03월,587,하네스 7-1번
RM-000583,B,조립 자재,214,"PC, FRONT BD 연결 _  하네스 2번
[ 12505HS-04, USB-105 (70mm) ]"
RM-000584,A,26.03월,588,POWER BD
RM-000584,B,조립 자재,113,POWER BD
RM-000585,A,26.03월,589,CTR B/D
RM-000585,B,조립 자재,515,CTR _BD
RM-000586,A,26.03월,590,INNER USB B/D
RM-000587,A,26.03월,591,LCD B/D
RM-000587,B,조립 자재,38,LCD BD 
RM-000588,A,26.03월,592,Carrier B/D (구형 KONTRON)
RM-000588,B,조립 자재,201,Carrier B/D (구형 KONTRON)
RM-000589,A,26.03월,593,Carrier B/D (신형 DFI)
RM-000589,B,조립 자재,202,Carrier B/D (신형 DFI)
RM-000590,A,26.03월,594,ETC CARRIER BD
RM-000590,B,조립 자재,198,ETC CARRIER BD (IEC-1000)
RM-000591,A,26.03월,595,ETC CARRIER MINI BD
RM-000591,B,조립 자재,200,ETC CARRIER MINI BD 
RM-000592,A,26.03월,596,Front Micro B/D
RM-000592,B,조립 자재,205,Front Micro B/D (ADX6000용)
RM-000593,A,26.03월,597,Front Connector B/D
RM-000593,B,조립 자재,204,FRONT CONNECTOR B/D (ADX6000용)
RM-000594,A,26.03월,598,ETC FRONT BD
RM-000594,B,조립 자재,177,ETC FRONT BD  (리모콘 포트 수정 신형 얇은것)
RM-000595,A,26.03월,599,ETC FRONT BD
RM-000595,B,조립 자재,177,ETC FRONT BD  (리모콘 포트 수정 신형 얇은것)
RM-000596,A,26.03월,600,컬리메이터 LED B/D
RM-000596,B,조립 자재,211,컬리메이터 LED B/D (신형 LED 밝기 수정한 것)
RM-000597,A,26.03월,601,컬리메이터 LED B/D
RM-000597,B,조립 자재,211,컬리메이터 LED B/D (신형 LED 밝기 수정한 것)
RM-000598,A,26.03월,602,ETC EX BATTERY BD
RM-000599,A,26.03월,603,ETC RESIST BD
RM-000600,A,26.03월,604,ETC CAP BANK BD
RM-000601,A,26.03월,605,LED DRIVER B/D
RM-000601,C,고압,206,V1.0.0
RM-000602,A,26.03월,606,"DRTech FDXD-810, FLAATZ-N330 CTR Battery B/D"
RM-000603,A,26.03월,607,"DRTech FDXD-810, FLAATZ-N330 CTR Battery B/D"
RM-000604,A,26.03월,608,FFC (16핀)
RM-000604,B,조립 자재,229,FFC 16pin [82mm] (ADX6000용)
RM-000605,A,26.03월,609,하네스 8번
RM-000605,B,조립 자재,218,"DF19G-20S-1C(0.5) (2EA) (160mm) (ADX6000s용)
LVDS 케이블 (하네스 7번)"
RM-000606,A,26.03월,610,하네스 9번
RM-000606,B,조립 자재,219,"Carrier Mini BD 케이블 _ 하네스 9번  
 [ 12505HS-03 (100mm) ]"
RM-000607,A,26.03월,611,하네스 12번
RM-000607,B,조립 자재,322,"CTR BD 외부단자 2핀 (TX30(FEMALE)+YH396-02100mm 
(하네스 1번)"
RM-000608,A,26.03월,612,하네스 13번
RM-000608,B,조립 자재,215,"Power&Exp Connector Wire Harness 12pin [170mm,70mm] (하네스 3번)"
RM-000609,A,26.03월,613,USB Connector Wire Harness (4핀)
RM-000609,B,조립 자재,228,USB Connector Wire Harness 4pin [100mm]
RM-000610,A,26.03월,614,Front USB Wire Harness (4핀)
RM-000610,B,조립 자재,230,Front USB Wire Harness 4pin [80mm]
RM-000611,A,26.03월,615,RS422 통신 Wire Harness (6핀)
RM-000611,B,조립 자재,227,RS422 통신 Wire Harness 6pin [120mm] 
RM-000612,A,26.03월,616,PC Connector Wire Harness (7핀)
RM-000612,B,조립 자재,226,"PC Connector Wire Harness 7pin 
[100mm,140mm,200mm] "
RM-000613,A,26.03월,617,"4.3"" LCD"
RM-000613,B,조립 자재,193,"4.3"" LCD 판넬 (IEC-266 & IEC-1000 공용)"
RM-000614,A,26.03월,618,"4.3"" Module"
RM-000614,B,조립 자재,194,"4.3"" Module (IEC-266 구형)"
RM-000615,A,26.03월,619,컬리메이터 REAR 사출
RM-000615,B,조립 자재,73,컬리메이터 사출 ASS'Y 에이밍 적용
RM-000616,A,26.03월,620,컬리메이터 내부하우징 사출
RM-000616,B,조립 자재,149,컬리메이터 내부하우징 사출
RM-000617,A,26.03월,621,컬리메이터 내부브릿지 사출
RM-000617,B,조립 자재,150,컬리메이터 내부브릿지 사출
RM-000618,A,26.03월,622,컬리메이터 MIRROR 거치대 사출
RM-000618,B,조립 자재,151,컬리메이터 Mirror 거치대 사출
RM-000619,A,26.03월,623,Micro USB 사출 가이드
RM-000619,B,조립 자재,173,Micro USB 사출 가이드
RM-000620,A,26.03월,624,아크릴 은경
RM-000620,B,조립 자재,152,아크릴 은경
RM-000621,A,26.03월,625,스킨가드 FRAME
RM-000622,A,26.03월,626,스킨가드 BODY
RM-000623,A,26.03월,627,스킨가드 구형
RM-000624,A,26.03월,628,Top Block
RM-000624,B,조립 자재,156,Top Block
RM-000625,A,26.03월,629,알루미늄 브라켓 4 hole
RM-000625,B,조립 자재,190,알루미늄 브라켓 6 hole
RM-000626,A,26.03월,630,컬리메이터 LED 알루미늄 가이드
RM-000626,B,조립 자재,153,컬리메이터 LED 알루미늄 가이드
RM-000627,A,26.03월,631,외부전원 연결 DC잭 고무링
RM-000627,B,조립 자재,303,BAT BOTTOM RUBBER
RM-000628,A,26.03월,632,외부전원 연결 DC잭 너트
RM-000629,A,26.03월,633,Front Port Sticker
RM-000629,B,조립 자재,176,Front Port Sticker (전면 포트 스티커)
RM-000630,A,26.03월,634,Front Port Sticker
RM-000630,B,조립 자재,176,Front Port Sticker (전면 포트 스티커)
RM-000631,A,26.03월,635,Front Port Sticker
RM-000631,B,조립 자재,180,"Front Port Sticker 
(USB 포트 제거형)"
RM-000632,A,26.03월,636,가죽 손잡이 (탈착배터리 터치펜 O)
RM-000632,B,조립 자재,191,가죽 손잡이 탈착배터리용 터치펜 O
RM-000633,A,26.03월,637,가죽 손잡이 (외부배터리)
RM-000633,B,조립 자재,191,가죽 손잡이 탈착배터리용 터치펜 O
RM-000634,A,26.03월,638,BODY LEFT 사출(외부배터리 사출커팅)
RM-000634,B,조립 자재,169,BODY LEFT 사출
RM-000635,A,26.03월,639,BODY RIGHT 사출(외부배터리용)
RM-000635,B,조립 자재,181,BODY RIGHT 사출
RM-000636,A,26.03월,640,RIGHT Ass'y
RM-000636,B,조립 자재,248,BODY RIGHT ASS'Y
RM-000637,A,26.03월,641,컬리메이터 내부하우징 사출 + 납
RM-000637,B,조립 자재,149,컬리메이터 내부하우징 사출
RM-000638,A,26.03월,642,330N 센서 하네스 1번 (배터리팩 4핀)
RM-000638,B,조립 자재,434,330N DRTECH 센서
RM-000639,A,26.03월,643,330N 센서 하네스 2번 (전원 스위치 2핀)
RM-000639,B,조립 자재,323,"TX30(MALE)+DC022(2.5) 80mm 전원 외부단자 2핀 
(하네스 2번)"
RM-000640,A,26.03월,644,330N 센서 하네스 3번 (플랫 24핀)
RM-000640,B,조립 자재,434,330N DRTECH 센서
RM-000641,A,26.03월,645,330N 센서 하네스 4번 (8핀)
RM-000641,B,조립 자재,434,330N DRTECH 센서
RM-000642,A,26.03월,646,330N 센서 하네스 5번 (인터페이스 케이블)
RM-000642,B,조립 자재,434,330N DRTECH 센서
RM-000643,A,26.03월,647,330N 센서 고무발
RM-000643,B,조립 자재,434,330N DRTECH 센서
RM-000644,A,26.03월,648,SKIN GUARD FRAME
RM-000644,B,조립 자재,158,Skin Guard Frame
RM-000645,A,26.03월,649,BOTTOM BLOCK
RM-000646,A,26.03월,650,SMPS (PSU)
RM-000647,A,26.03월,651,마그네틱 젠더
RM-000648,A,26.03월,652,스킨가드
RM-000648,B,조립 자재,427,스킨가드(밸크로)
RM-000649,A,26.03월,653,와이어 몰드
BA-000001,B,조립 자재,7,POWER LED
BA-000002,B,조립 자재,10,FRONT COVER (듀얼 슬라이드)
BA-000003,B,조립 자재,12,REAR COVER
BA-000004,B,조립 자재,13,LCD LED
BA-000005,B,조립 자재,14,EX LED (왼쪽)
BA-000006,B,조립 자재,15,EX LED (오른쪽)
BA-000007,B,조립 자재,17,HAND STRAP
BA-000008,B,조립 자재,18,"HAND STRAP_로고없음_사파리,이미지웍스용"
BA-000009,B,조립 자재,20,20cm CONE
BA-000010,B,조립 자재,26,LCD 윈도우
BA-000011,B,조립 자재,27,배터리커버
BA-000012,B,조립 자재,28,배터리커버
BA-000013,B,조립 자재,29,배터리커버
BA-000014,B,조립 자재,30,데코가이드
BA-000015,B,조립 자재,36,EX BD (듀얼) - 오른쪽
BA-000016,B,조립 자재,40,TFT LCD BD
BF-000001,B,조립 자재,42,데코가이드 ASS'Y (손잡이 포함)
BF-000002,B,조립 자재,43,LCD BD ASS'Y
BF-000003,B,조립 자재,44,LCD BD ASS'Y _사파리_원버턴 타입
BF-000004,B,조립 자재,45,LCD BD ASS'Y _TFT
BF-000005,B,조립 자재,46,기본 사출 ASS'Y
BF-000006,B,조립 자재,47,기본 사출 ASS'Y
BF-000007,B,조립 자재,48,사출 ASS'Y _ 태국용
BF-000008,B,조립 자재,49,기본 사출 ASS'Y _ 이미지웍스
BF-000009,B,조립 자재,50,기본 사출 ASS'Y _ CBI
BF-000010,B,조립 자재,51,기본 사출 ASS'Y _ 미국용_동물용
BF-000011,B,조립 자재,53,20cm 사출 ASS'Y - 기본
BF-000012,B,조립 자재,54,20cm 사출 ASS'Y - 기본
BF-000013,B,조립 자재,55,20cm 사출 ASS'Y - 맥스레이
BF-000014,B,조립 자재,56,20cm 사출 ASS'Y - 맥스레이
BF-000015,B,조립 자재,57,20cm 사출 ASS'Y 원버튼 _ 사파리용
BF-000016,B,조립 자재,58,기본 사출 ASS'Y _ SMPS용
BF-000017,B,조립 자재,59,사출 ASS'Y _ 태국용
BA-000017,B,조립 자재,62,컬리메이터 TOP
BA-000018,B,조립 자재,63,컬리메이터 BOTTOM
BA-000019,B,조립 자재,64,컬리메이터 FRONT
BA-000020,B,조립 자재,65,메디컬용 콘 가이드
BA-000021,B,조립 자재,66,메디컬용 FRONT
BA-000022,B,조립 자재,68,아크릴 은경 40∮
BA-000023,B,조립 자재,69,에이밍 알루미늄 플레이트
BA-000024,B,조립 자재,70,에이밍 LED BD
BA-000025,B,조립 자재,71,에이밍 원형 LED GUIDE
BF-000018,B,조립 자재,72,에이밍라이트 플레이트 ASS'Y
BF-000019,B,조립 자재,74,메디컬용 FRONT ASS'Y
BF-000020,B,조립 자재,75,메디컬용 사출 ASS'Y
BA-000026,B,조립 자재,79,BOTTOM BODY
BA-000027,B,조립 자재,80,POWER BUTTON
BA-000028,B,조립 자재,87,LCD GUIDE
BA-000029,B,조립 자재,89,데코 가이드
BA-000030,B,조립 자재,92,20cm CONE
BA-000031,B,조립 자재,93,15cm CONE
BA-000032,B,조립 자재,110,BUFFALO WIFI [WLI-UC-GNM2]
BA-000033,B,조립 자재,115,EX B/D
BA-000034,B,조립 자재,116,Carrier BD _ KONTRON
BA-000035,B,조립 자재,118,Carrier BD _ DFI
BF-000021,B,조립 자재,133,TOP BODY 사출 ASS'Y
BF-000022,B,조립 자재,134,BOTTOM BODY 사출 ASS'Y
BF-000023,B,조립 자재,135,기본 CONE ASS'Y
BF-000024,B,조립 자재,136,15cm CONE ASS'Y
BF-000025,B,조립 자재,137,20cm CONE ASS'Y
BF-000026,B,조립 자재,138,"4.8"" LCD BD ASS'Y"
BA-000036,B,조립 자재,139,KONTRON_B/D ASS′Y (carrier B/D+Module B/D+방열팬+USB B/D)
BA-000037,B,조립 자재,140,DFI_B/D ASS′Y (carrier B/D+Module B/D+방열팬+USB B/D)
BA-000038,B,조립 자재,148,컬리메이터 콘 가이드
BA-000039,B,조립 자재,157,Bottom Blcok
BA-000040,B,조립 자재,159,아크릴 투명 십자 panel (70 x70 mm)
BA-000041,B,조립 자재,168,LCD 배젤 스티커 - 중앙 필름 제거
BA-000042,B,조립 자재,186,크래들 TOP 사출
BA-000043,B,조립 자재,187,크래들 BOTTOM 사출
BA-000044,B,조립 자재,192,가죽 손잡이 탈착배터리용 터치펜 X
BA-000045,B,조립 자재,196,LCD B/D
BA-000046,B,조립 자재,197,LCD B/D
BA-000047,B,조립 자재,199,ETC CARRIER BD (IEC-266)
BA-000048,B,조립 자재,209,EX B/D
BA-000049,B,조립 자재,213,"CTR, CURRENT, FRONT, PC BD연결 _ 하네스 1-1번 [ 12505HS-06, 12505HS-04, 12505HS-03, 5264-02 (250mm, 140mm, 300mm) ]"
BF-000027,B,조립 자재,231,콘 납 부착 ASS'Y
BF-000028,B,조립 자재,232,콘 컬리메이터 ASS'Y
BF-000029,B,조립 자재,233,콘 컬리메이터 ASS'Y + BOTTOM Base block
BF-000030,B,조립 자재,234,컬리메이터 ASS'Y
BF-000031,B,조립 자재,235,컬리메이터 ASS'Y + BOTTOM Base block (더 밝게 수정)
BF-000032,B,조립 자재,236,컬리메이터 ASS'Y + BOTTOM Base block
BF-000033,B,조립 자재,237,"컬리메이터 ASS'Y + TOP, BOTTOM Base block"
BF-000034,B,조립 자재,238,[CR-ADX] 크래들 ASS'Y
BF-000035,B,조립 자재,239,LCD ASS'Y
BF-000036,B,조립 자재,240,Main PC ASS'Y
BF-000037,B,조립 자재,241,탈착형 BODY LEFT ASS'Y
BF-000038,B,조립 자재,242,외부형 BODY LEFT ASS'Y
BF-000039,B,조립 자재,243,LCD ASS'Y
BF-000040,B,조립 자재,244,Main PC ASS'Y (IEC-266 구형)
BF-000041,B,조립 자재,245,Main PC ASS'Y (IEC-1000 신형)
BF-000042,B,조립 자재,246,탈착형 BODY LEFT ASS'Y
BF-000043,B,조립 자재,247,외부형 BODY LEFT ASS'Y
BF-000044,B,조립 자재,249,BODY RIGHT ASS'Y (관전류 B/D 미포함)
BF-000045,B,조립 자재,250,탈착형 BODY LEFT ASS'Y
BF-000046,B,조립 자재,251,컬리메이터 콘 가이드 ASS'Y (납 부착)
BA-000050,B,조립 자재,263,AllMyT Stand Base
BA-000051,B,조립 자재,266,체스트 & 베드 JOINT ARM
BA-000052,B,조립 자재,267,체스트 & 베드 ARM PIPE
BA-000053,B,조립 자재,268,"체스트 & 베드 FIX BLOCK A, B"
BA-000054,B,조립 자재,275,스탠드 홀드 (메탈)
BA-000055,B,조립 자재,279,TOP BODY 사출
BA-000056,B,조립 자재,281,TOP BODY 사출 (케어스트림)
BA-000057,B,조립 자재,282,BOTTOM BODY 사출
BA-000058,B,조립 자재,283,BOTTOM BODY 사출
BA-000059,B,조립 자재,284,POWER BUTTON 사출
BA-000060,B,조립 자재,285,POWER BUTTON 사출
BA-000061,B,조립 자재,291,LOCK KNOB
BA-000062,B,조립 자재,292,LOCK INNER
BA-000063,B,조립 자재,295,HAND BODY 사출
BA-000064,B,조립 자재,296,HAND TOP COVER 사출
BA-000065,B,조립 자재,299,SLIDE SWITCH 사출
BA-000066,B,조립 자재,308,CRADLE FRAME
BA-000067,B,조립 자재,309,신주 핀
BA-000068,B,조립 자재,318,WINDOW
BA-000069,B,조립 자재,319,WINDOW (cocoon로고 없음)
BA-000070,B,조립 자재,329,POWER SWITCH BD
BA-000071,B,조립 자재,331,BATTERY BRIDGE BD
BA-000072,B,조립 자재,332,CRADLE BD
BA-000073,B,조립 자재,333,TOUCH BD (Atmega128)_FFC케이블 케넥트 수정 (신형)
BF-000047,B,조립 자재,336,TOP BODY ASS'Y
BF-000048,B,조립 자재,337,TOP BODY ASS'Y (cocoon 로고 없는것)
BF-000049,B,조립 자재,338,TOP BODY ASS'Y
BF-000050,B,조립 자재,339,BOTTOM BODY ASS'Y
BF-000051,B,조립 자재,340,BOTTOM BODY ASS'Y
BF-000052,B,조립 자재,342,HANDLE ASS'Y
BF-000053,B,조립 자재,343,HANDLE ASS'Y (리모콘 적용 + BAT BOTTOM + 배터리 없는것)
BF-000054,B,조립 자재,344,HANDLE ASS'Y
BF-000055,B,조립 자재,345,CRADLE ASS'Y
BF-000056,B,조립 자재,346,CRADLE ASS'Y
BA-000074,B,조립 자재,349,원형 십자 아크릴 1 (테두리 얇게 있는 것) 2.0T
BA-000075,B,조립 자재,351,사각 앞사출
BA-000076,B,조립 자재,352,에이밍 라이트 은경
BA-000077,B,조립 자재,353,LED BODY A (블랙_원형)
BA-000078,B,조립 자재,354,LED BODY B (블랙_사각형)
BF-000057,B,조립 자재,355,에이밍 은경 + LED BD ASS'Y
BA-000079,B,조립 자재,357,POWER SWITCH BD (에이밍용 V3.0.0)
BA-000080,B,조립 자재,360,락커스위치 2핀 ( YHM025-02R 100mm - Black 하네스 3번)
BA-000081,B,조립 자재,361,코쿤 에이밍라이트 오링 [60∮ * 25]
BF-000058,B,조립 자재,362,COCOON 18cm Cone Ass'y (검정 부직포)
BF-000059,B,조립 자재,363,COCOON 20cm Cone Ass'y (검정 부직포)
BA-000082,B,조립 자재,364,락커스위치 2핀 ( YHM025-02R 100mm - White 하네스 3번)
BA-000083,B,조립 자재,365,BAT BOTTOM
BA-000084,B,조립 자재,366,FRONT_L
BA-000085,B,조립 자재,367,FRONT_CAP
BA-000086,B,조립 자재,368,사각 앞사출
BF-000060,B,조립 자재,369,사각 앞사출 ASS'Y (앞사출+십자아크릴+납)
BF-000061,B,조립 자재,370,사각 앞사출 ASS'Y (앞사출+십자아크릴+납)
BF-000062,B,조립 자재,372,TOP BODY ASS'Y (에이밍)
BF-000063,B,조립 자재,373,BOTTOM BODY ASS'Y
BF-000064,B,조립 자재,374,HANDLE ASS'Y (BAT BOTTOM + 배터리 없는것)
BF-000065,B,조립 자재,375,HANDLE ASS'Y (리모콘 적용 + BAT BOTTOM + 배터리 없는것)
BF-000066,B,조립 자재,376,CRADLE ASS'Y (프레임 X)
BA-000087,B,조립 자재,378,배터리_ 21.0V (5셀)
BA-000088,B,조립 자재,382,20V 2A 충전기
BA-000089,B,조립 자재,393,연아크릴 [60∮] - 12T
BA-000090,B,조립 자재,394,연아크릴 [65∮] - 12T
BA-000091,B,조립 자재,396,연아크릴 [65∮] - 12T (8T 대용)
BA-000092,B,조립 자재,398,ADX6000_연아크릴 [직사각형 215*195mm] - 8T
BA-000093,B,조립 자재,400,실드 오링[60∮] _ AN-2.5 에이밍 사용
BA-000094,B,조립 자재,402,ADX4000용 연아크릴 실리콘 오링 4040
BA-000095,B,조립 자재,403,ADX6000_연아크릴 실리콘 오링
BA-000096,B,조립 자재,405,FOOT RUBBER
BA-000097,B,조립 자재,406,실리콘 켑
BA-000098,B,조립 자재,410,우루과이 네임 플레이트
BA-000099,B,조립 자재,411,ADX4000 NAME PLATE
BA-000100,B,조립 자재,416,실리카겔 [부직포 20g]
BA-000101,B,조립 자재,417,가방끈(일본에 적용)
BA-000102,B,조립 자재,418,제품 스트랩 (호주에 적용)
BA-000103,B,조립 자재,424,사각 줄자 (White)
BA-000104,B,조립 자재,433,i cam 구강 카메라
BA-000105,B,조립 자재,435,Rex2 Elite [XVS2530] Size 1.5
BA-000106,B,조립 자재,436,Rex2 Elite [iRay] Size 2.0
BA-000107,B,조립 자재,444,"PIXXGEN_ PIXX1717W (Size 17""x17"")"
BA-000108,B,조립 자재,445,"CareRay_ CareView1800Cwe (Size 17""x17"")"
BA-000109,B,조립 자재,449,가방+내부FOAM(계란판) 공용
BA-000110,B,조립 자재,450,가방+내부FOAM(계란판) 공용
BA-000111,B,조립 자재,452,가방(로고 없는것 )+내부FOAM(계란판)
BA-000112,B,조립 자재,453,디텍터 가방
BA-000113,B,조립 자재,456,"ADX4000W _ [15cm cone용] 내부 FOAM (상판 ,하판,계란판)"
BA-000114,B,조립 자재,459,"COCOON _ [20cm cone용] 내부 FOAM (상판 ,하판,계란판)"
BA-000115,B,조립 자재,460,"ADX6000 _ 내부 FOAM (상판 ,하판,계란판)"
BA-000116,B,조립 자재,461,"SOLO _ [18cm cone용] 내부 FOAM (상판, 하판) Forensic용 손잡이 분리형"
BA-000117,B,조립 자재,464,"SOLO _ [20cm cone용] 내부 FOAM (상판, 하판) 손잡이 체결형"
BA-000118,B,조립 자재,470,"DX3000,ADX4000W _ 카톤 박스 [490*460*370]"
BA-000119,B,조립 자재,472,ADX6000s _ 카톤 박스 [500*460*520]
BA-000120,B,조립 자재,480,DX3000M 저가형 에어셀
BA-000121,B,조립 자재,495,Hand_Topr Cover_ 블랙
BA-000122,B,조립 자재,496,Short PCB Guider _ 블랙
BA-000123,B,조립 자재,498,LCD 가이드 _ 블랙
BA-000124,B,조립 자재,504,마운트 ( 알루미늄_1/4 PT 탭 x 12mm)
BA-000125,B,조립 자재,505,"Bat_경첩 ( 2Ø, 26.2mm )"
BA-000126,B,조립 자재,506,Bat_Rubber (실리콘/ 양면테잎 적용)
BA-000127,B,조립 자재,508,배터리_단자대
BA-000128,B,조립 자재,509,에이밍 라이트 은경
BA-000129,B,조립 자재,511,에이밍 BODY뭉치 _ 블랙
BA-000130,B,조립 자재,512,에이밍 라이트 PCB 보드
BA-000131,B,조립 자재,513,POWER_BD
BA-000132,B,조립 자재,514,OP_BD
BA-000133,B,조립 자재,520,Harness-01 - COCOON과 공용 ( BATCON BD+EXP BD 연결 _16AWG 실리콘 / 150mm)
BA-000134,B,조립 자재,522,Harness-03 ( OP BD+POWER BD 연결_26AWG / 125mm(6번 제외) )
BA-000135,B,조립 자재,523,Harness-04 ( OP BD + CTR BD 연결 _0.5mm FFC / 100mm )
BA-000136,B,조립 자재,524,Harness-05 ( Main PCB + 리모콘 BD 연결 3핀 )
BF-000067,B,조립 자재,526,SOLO _ TOP BODY ASS'Y
BF-000068,B,조립 자재,527,SOLO _ BOTTOM BODY ASS'Y
BF-000069,B,조립 자재,528,SOLO _ OP BD Ass'y
BF-000070,B,조립 자재,529,SOLO _ HANDLE ASS'Y
BF-000071,B,조립 자재,530,SOLO _ 에이밍 라이트 ASS'Y
HA-000001,C,고압,11,RK92-11XD307J (시멘트 저항)
HA-000002,C,고압,15,고압용(세라믹103)
HA-000003,C,고압,23,15k/Surge
VA-000001,C,고압,31,0.8T 알루미늄 필터
HA-000004,C,고압,38,T 코어 (히터트랜스용)
HA-000005,C,고압,39,히터트랜스포머 24턴
HA-000006,C,고압,40,히터트랜스포머 20턴 작업完
HA-000007,C,고압,41,히터트랜스포머 20턴
HA-000008,C,고압,42,센더스트 코어 작업完
HA-000009,C,고압,43,트랜스포머
HA-000010,C,고압,44,트랜스포머
HA-000011,C,고압,45,트랜스포머
HA-000012,C,고압,46,트랜스포머
HA-000013,C,고압,49,튜브 고정 보드 케소드 (필라멘트)
HA-000014,C,고압,50,에노드 튜브 고정 보드(나사)
HA-000015,C,고압,51,ADX6000 고압 베어보드
HA-000016,C,고압,52,ADX6000 신형 고압 베어보드
HA-000017,C,고압,53,고압베어 B/D (Ver. 2.5)
HA-000018,C,고압,54,고압베어B/D (신형) (Ver. 1.0.1)
HA-000019,C,고압,56,고압베어B/D (4개 1세트)
HA-000020,C,고압,57,고압베어B/D (신형) (Ver. 2.12)
HA-000021,C,고압,58,튜브 고정 지지대 (Ver 2.12에 사용)
HA-000022,C,고압,59,고압베어B/D (D-0813) (Ver 1.0.0)
HA-000023,C,고압,62,튜브 고정 보드 에노드 (나사)
HA-000024,C,고압,63,튜브 고정 보드 케소드 (필라멘트)
VA-000002,C,고압,67,8핀 BD
VA-000003,C,고압,69,9핀 BD
VA-000004,C,고압,70,10핀 BD
VA-000005,C,고압,73,D3CT (TFT용)
VA-000006,C,고압,74,DC3D (유럽용)
VA-000007,C,고압,75,D3CL (미국용)
VA-000008,C,고압,76,A4CB
VA-000009,C,고압,78,CSCB
VA-000010,C,고압,79,D3CV
VA-000011,C,고압,82,A6CB
VA-000012,C,고압,83,COCB
HA-000025,C,고압,84,캐논튜브 60KV 하우징 [D-081B]
HA-000026,C,고압,85,세라믹튜브 70KV 하우징 [DXDR-070]
HA-000027,C,고압,86,캐논튜브 70KV 하우징 [D-041]
HA-000028,C,고압,87,캐논튜브 80KV 하우징 [D-0813]
HA-000029,C,고압,88,세라믹튜브 100KV 하우징 [DXDR-100]
HA-000030,C,고압,89,CEI튜브 90KV 하우징 [OX-70]
HA-000031,C,고압,90,고압보드SMT 完 (Ver. 2.5)
HA-000032,C,고압,91,고압보드SMT 完 (신형) (Ver. 1.0.1)
HA-000033,C,고압,92,고압보드SMT 完
HA-000034,C,고압,93,고압보드SMT 完 (신형)
HA-000035,C,고압,94,고압보드SMT 完
HA-000036,C,고압,95,고압보드SMT 完 [Ver 2.12 신형]
HA-000037,C,고압,96,고압보드 SMT (DXDR-070)
HA-000038,C,고압,97,고압보드 SMT (D-041)
HA-000039,C,고압,98,고압보드 SMT 完 (D-0813) (Ver 1.0.0)
HA-000040,C,고압,103,DXDR-070 하우징용 파이프
HA-000041,C,고압,104,D-041 하우징용 파이프
HA-000042,C,고압,105,PE 하우징 파이프
VA-000013,C,고압,106,베크라이트케이스
VA-000014,C,고압,109,(nc)케이스
VA-000015,C,고압,110,(nc)케이스
VA-000016,C,고압,113,신주케이스 뚜껑
VA-000017,C,고압,114,3 PIN (봉 단위)
VA-000018,C,고압,115,4 PIN (봉 단위)
VA-000019,C,고압,116,4 PIN (봉 단위)
VA-000020,C,고압,117,5 PIN (봉 단위)
VA-000021,C,고압,118,5 PIN (봉 단위)
VA-000022,C,고압,120,신주케이스 뚜껑
VA-000023,C,고압,121,신주케이스
VA-000024,C,고압,122,신주케이스
VA-000025,C,고압,123,신주케이스
VA-000026,C,고압,124,신주케이스 (10P)
VA-000027,C,고압,125,신주케이스 (10P)
VA-000028,C,고압,126,신주케이스
VA-000029,C,고압,129,방사구
VA-000030,C,고압,130,방사구 (외부탭)
VA-000031,C,고압,132,신주케이스 작업완료
VA-000032,C,고압,133,신주케이스(9P) 작업완료
VA-000033,C,고압,134,신주케이스 작업완료
VA-000034,C,고압,135,신주케이스 작업완료
VA-000035,C,고압,136,신주케이스(10P) 작업완료
VA-000036,C,고압,137,신주케이스 작업완료
VA-000037,C,고압,138,신주케이스(10P) 작업완료
VA-000038,C,고압,139,신주케이스 작업완료
VA-000039,C,고압,143,발생부 고압B/D+튜브 최종 작업完
VA-000040,C,고압,144,발생부 고압B/D+튜브 최종 작업完 (9P)
VA-000041,C,고압,145,발생부 고압B/D+튜브 최종 작업完
VA-000042,C,고압,146,발생부 고압B/D+튜브 최종 작업完 [D-0813]
VA-000043,C,고압,147,발생부 고압B/D+튜브 최종 작업完 [DXDR-100]
VA-000044,C,고압,148,발생부 고압B/D+튜브 최종 작업完 [OX-70]
VA-000045,C,고압,149,발생부 고압B/D+튜브 최종 작업完
VA-000046,C,고압,150,발생부 고압B/D+튜브 최종 작업完 (10핀)[D-0813]
VA-000047,C,고압,151,발생부 고압B/D+튜브 최종 작업完 [Ver 2.12]
VA-000048,C,고압,152,발생부 고압B/D+튜브 최종 작업完 (10핀)[D-0813]
VA-000049,C,고압,153,발생부 고압B/D+튜브 최종 작업完 [CBT]
VA-000050,C,고압,157,발생부(진공)
VA-000051,C,고압,158,발생부(9P)(진공)
VA-000052,C,고압,159,발생부(진공)
VA-000053,C,고압,160,발생부(진공)
VA-000054,C,고압,161,발생부(10P)(진공)
VA-000055,C,고압,162,발생부(진공)
VA-000056,C,고압,163,발생부진공)
VA-000057,C,고압,164,발생부(10P)(진공)
VA-000058,C,고압,166,D3GR + D3CD (해외용)
VA-000059,C,고압,167,D3GR + D3CL (미국용)
VA-000060,C,고압,168,D3GR + D3CT (TFT용)
VA-000061,C,고압,169,A4GR + A4CB
VA-000062,C,고압,170,A6GR (10핀)
VA-000063,C,고압,173,CSGR + CSCB
VA-000064,C,고압,174,COGR + FET BD
VA-000065,C,고압,175,"D3GR + D3CD (해외용) 60KV, 2mA"
VA-000066,C,고압,176,"D3GR + D3CD + 1.4T (Safari Dental용) 60KV, 2mA"
VA-000067,C,고압,177,"D3GR + D3CL (미국용) 65kv, 1.7mA"
VA-000068,C,고압,179,A4GR + A4CB 60KV 2mA
VA-000069,C,고압,180,A4GR + A4CB + 1.4T (Safari Dental용) 60KV 2mA
VA-000070,C,고압,181,"XG + A6CTR 80KV, 5mA"
VA-000071,C,고압,182,A6GR + A6CB 90KV 6mA
VA-000072,C,고압,183,"COGR + COCB + FET BD 70kv, 2mA"
VA-000073,C,고압,184,CSGR + CSCB 70KV 2mA
HA-000043,C,고압,201,V1.1.1
HA-000044,C,고압,202,V1.5
HA-000045,C,고압,203,v2.20.5
HA-000046,C,고압,204,V2.1
HA-000047,C,고압,205,V2.0.0
